User Id,Experience 1 Job Title,Experience 1 Duration,Experience 2 Job Title,Experience 2 Duration,Experience 3 Job Title,Experience 3 Duration,Experience 4 Job Title,Experience 4 Duration,Experience 5 Job Title,Experience 5 Duration,Experience 6 Job Title,Experience 6 Duration,Experience 7 Job Title,Experience 7 Duration,Experience 8 Job Title,Experience 8 Duration,First Degree,First Degree Field,First Degree Institution Name,Second Degree,Second Degree Field,Second Degree Institution Name
ACwAAA_213gBc899ac_3cBHO_W4xzHs1lXvY05E,web developer,20,web developer,12,web developer,14,web developer,11,co founder,31,cto,40,software development team lead,36,,0,,,,,,
ACwAAA_fBqsBPocPRdnNfReZjpoqYiBIDPCnXhg,product manager,15,qa,13,product manager,24,product manager,43,product manager,29,,0,,0,,0,B.Sc.,computer science,Tel Aviv University,,,
ACwAAA_hkZMBNzPy3F2ZsVnl-TzrLL4-_f6kgZM,project management,84,product manager,27,product manager,51,project manager,47,product manager,7,,0,,0,,0,B.A.,business management,college management,,,
ACwAAA_mDy0BG7fzijShWbsWWO7tLKlReznZkRg,team lead,10,qa engineer,30,qa engineer,10,team lead,39,manager,23,manager,26,product manager,6,product manager,7,,,,,,
ACwAAA_vWsIBiawhBc00nbmT8wjQvpZqgBHUZfo,team leader,26,officer,76,software development team lead,3,,0,,0,,0,,0,,0,B.Sc.,social sciences,Bar-Ilan University,,,
ACwAAA-bTXsBnARFCVcMnPHtYgu00YKLTklrsPo,sales representative,19,associate,19,manager,24,software engineer,18,technical lead,4,technical support,25,product manager,10,product manager,37,,,,,,
ACwAAA-cHywBUJ5p1xzJ9w77EXQGzuMiA9_dJ4k,instructor,24,developer,42,software engineer,12,software engineer,36,software engineer,33,software development team lead,33,,0,,0,B.Sc.,computer science,Ben-Gurion University of the Negev,,,
ACwAAA-su-4BRYCQBtXroIC5_IQ3vExBepA29d0,data analyst,41,product manager,6,qa engineer,13,team leader,25,business analyst,9,editor,2,manager,11,developer,4,,,,,,
ACwAAA-TxGIBgJXNIYPKHbVptSXZNIqWeq-BZAY,tutor,6,qa engineer,15,software developer,25,software developer,14,software developer,3,,0,,0,,0,B.A.,art,Bezalel Academy of Art and Design,,,
ACwAAA10xKABPIqle5ukQ16xYjtp5Kf4MALzUJk,volunteer,12,mentor,12,volunteer,12,team leader,24,intern,17,associate,20,director,10,associate,15,B.Sc.,Political Science and Government,Tel Aviv University,,,
ACwAAA1xEGgBoNXZpljBPl-KgBrXA5O7wgYazgc,software developer,13,software developer,93,software engineer,67,software engineer,30,,0,,0,,0,,0,B.Sc.,computer hardware and signal processing,Ben-Gurion University of the Negev,,,
ACwAAA2IVMABQVLhxn2f9SiR-GhhIplhpunCSUc,group leader,60,solution architect,41,product manager,51,product manager,19,product manager,15,,0,,0,,0,,,,,,
ACwAAA2yd1sBSgc_6_0HnuTRy-mm2DLiYSNvcrk,programmer,21,software architect,30,developer,21,team leader,31,team leader,44,software team lead,5,,0,,0,,,,,,
ACwAAA3_ZpcBewC7CubQPAMUofPmbAM_AL4O_2s,developer,21,team leader,81,manager,7,manager,37,r manager,14,r manager,27,software engineering manager,28,,0,,,,,,
ACwAAA34w78BG0gWi-IJHfdCW6z5ldJNHP4MpuI,officer,62,consultant,20,teaching assistant,6,manager,19,team leader,14,product manager,14,product team lead,10,director product,14,B.Sc.,industrial engineering,Tel Aviv University,,,
ACwAAA3MMlABCRiS68k-M5kLxlYKmNjruYHe5x8,project manager,11,qa engineer,9,developer,24,manager,36,product manager,23,support engineer,13,technical support,25,product lead,13,B.Sc.,electrical engineering,Ben-Gurion University of the Negev,,,
ACwAAA3Rky8BONgzDLE8IDV9d5LykHbwocGj_q0,manager,36,specialist,17,noc engineer,12,software developer,38,team leader,14,co founder,24,cto,18,software engineering manager,20,B.Sc.,computer science,Reichman University (IDC Herzliya),,,
ACwAAA4NT18BTh5I73mRrPKf_sKZJ88hDua5XMQ,software engineer,22,software developer,11,software developer,20,team leader,23,software engineering manager,15,software team lead,5,,0,,0,B.Sc.,B.Sc. specialized Information Systems,Afeka Tel Aviv Academic College of Engineering,,,
ACwAAA4OatoB2NMkxaTUFLu9gMGAFoiRdt349dU,marketing manager,15,marketing manager,5,designer,12,product designer,47,product designer,23,lecturer,12,lecturer,16,product manager,25,B.A.,"Design and Visual Communications, General",Hadassah Academic College,M.A.,The Internet & New Media program,hebrew university
ACwAAA4z0o0B12we7k2C8DQtf_FetD9R0-oUdwM,specialist,20,developer,38,software engineer,46,software team lead,16,,0,,0,,0,,0,B.Sc.,computer science,college management,,,
ACwAAA5-_D0BKKX-FuzrYlLru-QcZxPLLs_68Ww,research assistant,6,tutor,36,teaching assistant,12,software engineer,24,software team lead,12,software engineer,12,software team lead,14,,0,B.Sc.,computer engineering,Technion - Israel Institute of Technology,,,
ACwAAA5um98ByvxWW_fNxW7Z2Z8T__MHNCLazi8,analyst,24,data analyst,11,product manager,68,product manager,2,,0,,0,,0,,0,,,,,,
ACwAAA6xSxABSaRlYsmzDLekhM13ME_9bw40W4w,software engineer,20,developer,16,software engineer,27,software development team lead,17,,0,,0,,0,,0,B.Sc.,Communication Systems Engineering,Ben-Gurion University of the Negev,,,
ACwAAA7QbsYBmBdtuMtR6t12f8BYvyKQPYOWvUs,software developer,35,team leader,36,product manager,26,product manager,27,product manager,17,product manager,6,,0,,0,B.Sc.,software engineering,SCE - Shamoon College of Engineering,M.B.A.,Information Technology and Data Science,Bar-Ilan University
ACwAAA7qlWwB_MmDAYTmKyjCbhXs2cm280qA408,data analyst,36,consultant,35,analyst,11,team leader,11,consultant,21,analyst,9,analyst,23,business analyst,29,B.A.,economics,Reichman University (IDC Herzliya),M.B.A.,marketing,Reichman University (IDC Herzliya)
ACwAAA7yaaEBe300ejX3Q6TCY2yDCIE_o2yJUvc,software developer,39,software engineer,33,software engineer,16,software team lead,4,,0,,0,,0,,0,B.Sc.,computer engineering,Ruppin Academic Center,,,
ACwAAA80e1sBv9bkYSkeDyD-9IrFPr3BQFm6kUw,manager,23,project manager,23,business analyst,17,product manager,22,product manager,40,,0,,0,,0,B.Sc.,industrial engineering,Afeka Tel Aviv Academic College of Engineering,,,
ACwAAA8MkbIBulniC8qzDYZmyk1FzqsUomD9uLk,volunteer,24,software engineer,24,software engineer,13,software team lead,69,software team lead,6,,0,,0,,0,B.Sc.,electrical engineering,Afeka Tel Aviv Academic College of Engineering,,,
ACwAAA8rkjABaPuE3QMeNkLaGCO968s3-RyHTxs,officer,33,net developer,17,team lead,27,software engineer,69,manager,23,software engineering manager,8,,0,,0,B.Sc.,industrial engineering,Tel Aviv University,M.Sc.,industrial engineering,Tel Aviv University
ACwAAAa-9yoBHdjDoH3qbadmwTgQnTGshxaW3aE,analyst,4,analyst,25,security researcher,33,manager,43,team leader,25,product manager,9,product manager,25,product manager,2,B.Sc.,computer science,college management,,,
ACwAAAAA_3oB7IpovgEI4yBCkD3ectwYIlpD0sE,founder,23,founder,26,system architect,10,cto,44,director product,9,manager,41,founder,29,head product,8,B.Sc.,mathematics,Tel Aviv University,,,
ACwAAAAfDDQBUCEvptxrYGhMp1kqt5oC7UjGTdU,marketing manager,36,product manager,60,product manager,12,product manager,24,manager,48,product manager,24,product manager,12,product manager,24,B.A.,computers science,open university,M.B.A.,marketing,Reichman University (IDC Herzliya)
ACwAAAaKiacB74GmPyVm9xp1ZFnhoh_DSkIhNEY,project manager,70,software developer,45,software engineer,14,software engineer,11,software engineer,6,software engineering manager,26,,0,,0,B.Sc.,electrical engineering,Tel Aviv University,,,
ACwAAAAn3MUBlLbVvxy3Sg6zX-a2mI4q1A2DtXY,software developer,55,team leader,10,product manager,43,product manager,21,product manager,53,product manager,27,,0,,0,B.Sc.,computer science,"The Academic College of Tel-Aviv, Yaffo",,,
ACwAAAAncFoBemb4Puxfdo7b6H4mMIHLeKvDutQ,qa,17,software engineer,14,software engineer,25,software engineer,25,manager,26,software engineering manager,59,software engineering manager,9,software engineering manager,49,B.Sc.,computer science,Ben-Gurion University of the Negev,M.Sc.,life science,Weizmann Institute of Science
ACwAAAaOgicBe0M-4rIXbVVV-B6Fy617ZQbAdoc,software developer,19,software developer,7,net developer,41,net developer,55,team leader,43,team leader,11,software engineering manager,77,,0,B.Sc.,computer science,"The Academic College of Tel-Aviv, Yaffo",,,
ACwAAAApdN0BiyagUX-d3xSI0kmi-JD6X6GONs8,qa engineer,72,developer,24,team leader,24,r manager,81,vp r,87,vp r,37,software engineering manager,27,software engineering manager,7,B.Sc.,computer science,Bar-Ilan University,M.B.A.,hi tech,college management
ACwAAAAQtOIBhEhsGj-vcNK8FvshkHGBhCaEepg,manager,60,software,36,director engineering,24,co founder,36,technical expert,24,director,79,product manager,12,director product,18,,,,,,
ACwAAAARU0YBST_P9uRuef6kD17nNhbNPVfosnY,graphic designer,37,web developer,9,developer,63,cto,22,r manager,19,software engineer,16,team leader,11,senior engineer,21,B.A.,computer science,"The Academic College of Tel-Aviv, Yaffo",,,
ACwAAAAVhtYBn57lbanDIZ_c6yJ9ayDVWjhEnsA,product manager,29,product manager,35,product manager,23,director product management,35,director product,97,director product management,16,product manager,15,product manager,37,B.Sc.,engineering,Technion - Israel Institute of Technology,M.B.A.,business administration,Tel Aviv University
ACwAAAAVyvQBUo8o2ErmHXFCjCZJMUNFkicsYtg,senior engineer,23,algorithm engineer,33,product manager,33,marketing manager,19,manager,3,product manager,45,product manager,6,product manager,20,,,,M.B.A.,majored strategy,Tel Aviv University
ACwAAAaY09oBtuoXQWdz9XQXD-kfsGm5pzqUSjQ,software developer,36,software developer,36,software developer,12,r manager,24,software development team lead,35,,0,,0,,0,,,,,,
ACwAAAAyH70B4qY6ykzViWRa5Rqof0T2BogPHWM,sw engineer,41,sw engineer,24,sw engineer,23,team leader,15,team leader,24,team leader,23,security,12,software,12,B.Sc.,computer science,Technion - Israel Institute of Technology,M.B.A.,"Management of Technology, Entrepreneurship and Innovation",Tel Aviv University
ACwAAAAZEFIB4G13_GM7t75EYRDSJP6-9iA0Sqs,officer,70,consultant,24,product manager,120,product manager,8,product manager,89,,0,,0,,0,B.Sc.,electronics engineering,Technion - Israel Institute of Technology,M.Sc.,electronics engineering,Technion - Israel Institute of Technology
ACwAAAAZZPYBunrJY1esOCpTEl3frUcRMGqkpVE,system administrator,60,instructor,25,consultant,19,software engineer,42,software engineer,36,software engineering manager,36,software engineering manager,11,software engineering manager,11,B.A.,computer science,open university,M.Sc.,computer science,Tel Aviv University
ACwAAABg648Bxv82IatXdfwXRcw6iUiMf4jbBCE,software engineer,24,product manager,71,product manager,62,product manager,18,product manager,8,,0,,0,,0,B.A.,computer science,hebrew university,M.B.A.,International business and finance,Ben-Gurion University of the Negev
ACwAAABmyFEBs9C0UQDtpTmnseO8AqVeavy6pX4,software,48,software engineer,46,software engineer,24,tech lead,43,team leader,51,technical lead,38,software engineer,9,software engineering manager,29,,,,,,
ACwAAABOS6sBpgTQuhLFyAOKtAAZLNZdmU7a_Ro,software developer,48,software team lead,72,software engineer,12,consultant,44,java developer,16,analyst,26,business analyst,50,team lead,36,,,,,,
ACwAAABpopMBLY3A1IY2JS11DV0R_SjjXLoxw3k,manager,60,project manager,47,project manager,14,manager,23,product manager,36,product manager,36,product manager,2,,0,B.T.,industrial engineering,college,,,
ACwAAABqgroBbUU0oOUSRfpfWjsCK3U4oUJ_mOM,product manager,48,product manager,12,product manager,36,vp product,36,head product,25,vp product,15,vp product,11,director product management,14,,,,,,
ACwAAABRH2sBxO03o3rYo-0yuHWhKz4z_U9evP8,vp product,24,vp product,72,vp products,24,director product management,101,product lead,31,head product,11,product manager,2,,0,B.Sc.,electrical engineering,Technion - Israel Institute of Technology,M.Sc.,Engineering - Communications Systems,Tel Aviv University
ACwAAABT1h4BeJGhRWfZ5QhW7qxjHWk1Zk-rkUE,manager,58,director r,101,director product management,19,manager,25,product manager,9,,0,,0,,0,,,,,,
ACwAAABtiXIBxTJFJGI51tr14oDZsyDlBnhJksE,developer,12,software engineer,17,software engineer,19,project manager,46,product manager,77,vp r,21,director r,48,software engineering manager,75,,,,,,
ACwAAABTkP8Bh69i7gtlYNOk8wh6B1phNacNOhs,software,13,software engineer,9,security,12,software engineer,7,software engineer,54,software engineer,17,product manager,114,product manager,82,B.Sc.,computer science,Tel Aviv University,,,
ACwAAABwV2UB_I64FgrpOY2m7um1t04VO3qMpHA,team leader,70,project manager,8,sw engineer,33,team leader,32,team leader,19,software engineer,23,team leader,17,architect,16,B.Sc.,computer science,Technion - Israel Institute of Technology,M.B.A.,strategy entrepreneurship,Tel Aviv University
ACwAAABye-cB-iAplnccoF6ftCDvHkJJJV2cc3A,project manager,48,manager,36,product manager,36,product manager,24,product manager,48,product manager,24,product manager,24,product manager,14,B.Sc.,industrial engineering,Technion - Israel Institute of Technology,,,
ACwAAABYsyIBBRJjaHS2rpCiarcMu7qspUHH0-k,mentor,18,programmer,48,software engineer,14,software engineer,90,product manager,8,product manager,29,product manager,12,director product management,12,B.Sc.,computer science,Technion - Israel Institute of Technology,M.B.A.,focus on knowledge and technology intensive organizations,Technion - Israel Institute of Technology
ACwAAAC5rzEBL5J0AQYZXJjY-XrXbUVVbgaGnNE,student,12,system administrator,36,support engineer,12,support engineer,24,manager,24,manager,12,product manager,24,product manager,39,,,,,,
ACwAAAc5ZFYBew6iOAX-kHg0SOp5ERNqGXqvS9g,system administrator,35,software developer,54,software engineer,45,software team lead,17,,0,,0,,0,,0,B.Sc.,computer science,Technion - Israel Institute of Technology,,,
ACwAAAC8E5UB6gp_dOQf2PNOzUx-3by7ZCO4JH0,software developer,36,team leader,29,software developer,26,team leader,8,co founder,86,product manager,13,board member,91,product manager,5,B.A.,computer science,Technion - Israel Institute of Technology,M.Sc.,computer science,Tel Aviv University
ACwAAACEVwIBHiyszq1LN_5qa49VX_CFVIa3L3E,consultant,60,manager,36,sales engineer,12,system engineer,48,system architect,41,product manager,85,product manager,64,product manager,10,B.A.,business management,university derby,M.A.,marketing,university derby
ACwAAAcLqwsBLzwUsuG2pWmR8AP-WdMpqzEu33w,project manager,12,project manager,36,project manager,26,security,12,vp product,32,ceo,21,product manager,29,,0,B.Sc.,computer science,"The Academic College of Tel-Aviv, Yaffo",,,
ACwAAACnBJ8BW4KcShaPdu1va3Oqib0hhowZdJQ,sw engineer,36,team leader,24,software engineer,114,software development team lead,33,manager,51,director engineering,33,,0,,0,,,,,,
ACwAAACTKxYBrJW7mN0j7uIFzLCXkv-Mu4X6TxA,software engineer,31,software engineer,13,team leader,24,manager,11,manager,19,director product management,42,president,18,product manager,16,B.Sc.,computer science,Bar-Ilan University,M.Sc.,computer science,Bar-Ilan University
ACwAAACX9JYBptGyPa94f6Rsma6AbsBMm1PQWyU,software developer,53,founder,11,software developer,15,software developer,72,software engineer,36,software engineering manager,30,software engineering manager,3,,0,B.Sc.,computer science,Tel Aviv University,,,
ACwAAACxp64BgjIvlJUfSmmTwI7cojS7ZE4oEm0,software developer,72,team leader,21,team leader,93,manager,47,r manager,15,software engineering manager,19,,0,,0,B.Sc.,computer science,hebrew university,M.B.A.,business administration,Tel Aviv University
ACwAAACz3s0BUdrEpWUMnq2Uct7EUJo80i_wMM0,volunteer,40,technician,12,consultant,3,product manager,12,product manager,48,product manager,27,,0,,0,B.Sc.,life science,Tel Aviv University,M.Sc.,neuroscience,Tel Aviv University
ACwAAACZRt8BPTjlay9k5JJWT4RFpn-1r07xVFA,editor,27,manager,32,product manager,39,product manager,19,product manager,21,head product,14,head product,47,product manager,12,,,,,,
ACwAAAD79R0BsNPVYRHCeMTjX3m-TeVWyD_EL4o,software engineer,48,team leader,60,system architect,36,system architect,32,product owner,20,product manager,45,product manager,15,,0,B.Sc.,computer science,Tel Aviv University,,,
ACwAAADar1IBsuDvwvLYUZT68cOS1psYjI-Psdo,software engineer,36,team leader,24,team leader,23,software engineer,45,software engineer,14,manager,30,manager,32,software engineering manager,7,B.Sc.,computer science,Tel Aviv University,,,
ACwAAADbN2EB0o0YJ0YGoziP-RtIi8UmB5_FNhQ,teacher,23,software,51,software developer,47,software,29,software developer,42,team leader,25,software engineer,87,software team lead,16,B.Sc.,computer sc,Technion - Israel Institute of Technology,,,
ACwAAADczokBHUvJMl4qYcAm2x7GIOxTFTCmcc0,volunteer,19,officer,51,qa engineer,13,vice chairman,13,software engineer,14,software engineer,33,product manager,17,product manager,23,B.A.,"Law (LLB), Goverment (BA)",Reichman University (IDC Herzliya),,,
ACwAAADe-wIBNo8OC56_9u5OCseHqhh_lYmizuc,mentor,14,java developer,3,java developer,11,software developer,10,product manager,26,product manager,38,product manager,12,product manager,14,B.Sc.,computer science,Tel Aviv University,,,
ACwAAADGFXwBQQxxPSQwKa_pAN1LQUJW-eWzYw4,software developer,41,software developer,20,software developer,55,manager,35,product manager,94,,0,,0,,0,B.Sc.,economics,Bar-Ilan University,,,
ACwAAADGjA8BfQeQFhbjHexeK3-Pr0pZR9GwMgY,sw engineer,60,sw engineer,24,project manager,49,product manager,13,product manager,92,product manager,52,product manager,14,,0,B.Sc.,computer science,Tel Aviv University,,,
ACwAAADHQEQBUFcli37xK9lSb9Wm6x_k8K_6SFk,software engineer,72,software developer,33,software engineer,36,tech lead,25,developer,37,director r,28,software engineering manager,7,,0,B.Sc.,computer science,Mihlala le minhal,,,
ACwAAADHTscBACPzlF6DxULCb7nLV3imleywcXE,software developer,72,software developer,77,software developer,26,manager,45,consultant,20,product manager,29,product manager,48,product manager,3,,,,,,
ACwAAADKlSMBmML3gmMW6kDQVLxOaBjBKsQVvbM,software engineer,39,software engineer,24,software engineer,14,software engineer,24,software engineer,14,software engineer,10,software engineer,6,software engineering manager,96,B.Sc.,computer science,Technion - Israel Institute of Technology,M.A.,economics,university haifa
ACwAAADo1rwBe85kGgeWLi0J4pn5LSyj2yEdVTY,team leader,30,team leader,11,software developer,36,java developer,6,java developer,12,development team lead,83,software engineer,20,vp r,11,,,,,,
ACwAAADQ_nEBaTjLcRDjHqAdjFZMb6kTvonrNJs,software engineer,60,manager,24,project manager,24,software engineer,12,software engineering manager,74,,0,,0,,0,B.A.,computer software engineering,Afeka Tel Aviv Academic College of Engineering,M.B.A.,Technologies & Digital Businesses,Ruppin Academic Center
ACwAAADQA9sBE-uPy3ujCEpy3ckCfhrNWclTnGo,analyst,29,analyst,47,software developer,25,software developer,33,team leader,19,team leader,29,director r,25,r manager,44,B.Sc.,computer science,Reichman University (IDC Herzliya),,,
ACwAAADRPA8BkgkxrH2WeEpmoAKdvt7ZXH87ovA,student,19,software engineer,20,team leader,17,software engineer,28,software engineer,7,software engineer,43,software engineer,25,software engineer,20,,,,,,
ACwAAADrrO4Bnfhja1trgFzz7mW4-JxiLjP0Ouk,mentor,18,mentor,38,product manager,38,product manager,35,product manager,35,product manager,40,product manager,46,product manager,14,B.Sc.,life science,Ben-Gurion University of the Negev,M.Sc.,life science,Ben-Gurion University of the Negev
ACwAAADu4p8BGylEFanMprzhcWNJEnrG-Bq3Z2o,qa,19,qa,5,qa,34,product manager,19,product manager,11,head product,26,product manager,13,product manager,18,B.A.,business management,college management,,,
ACwAAAdyxUoB4D4G6_WpN39djFfe5rbEJh3Ut9I,founder,60,manager,38,founder,44,product manager,27,product manager,9,product manager,23,product manager,18,product manager,10,B.A.,interctive communication,Reichman University (IDC Herzliya),,,
ACwAAADzFmUBu9Gr3zprrFZLctnScOTdt1aXie0,software engineer,36,manager,12,project manager,36,project manager,59,director product management,71,product manager,56,head product,31,product manager,16,B.Sc.,engineering,Technion - Israel Institute of Technology,,,
ACwAAAE6YHEBgmM-iXXASVnEui5vX7zHkIj0ixU,developer,12,software engineer,26,software engineer,46,co founder,15,software engineer,11,team lead,54,software engineering manager,8,,0,B.Sc.,computer science,Ben-Gurion University of the Negev,,,
ACwAAAedC_4BjBPn0L1RJEkE4MRQCg0lzKENI6c,manager,36,team lead,24,project manager,28,researcher,39,software engineer,48,software engineer,31,,0,,0,B.A.,computer science,open university,,,
ACwAAAEDiYsBcz1TZTlLIfspgiaws6QkvLD49qw,project manager,37,software engineer,12,android developer,8,android developer,3,team lead,15,software team lead,28,,0,,0,B.Sc.,media management,college management,,,
ACwAAAEDj6oBKOj-vcvRAG3_4lxrBbJk4l9134M,manager,9,manager,36,manager,12,product manager,24,product manager,36,vp product,36,product manager,30,product manager,9,,,,,,
ACwAAAEgc4EBYoyWCcI3-fdmIXWSxANlTxEpKbk,co organizer,24,software engineer,24,software engineer,24,software engineer,24,product manager,24,product manager,24,product manager,24,product manager,12,B.Sc.,computer science,Reichman University (IDC Herzliya),,,
ACwAAAElIeQBU6C9LEUMtO4IiFy1qf0obqpFb8c,developer,12,developer,12,java developer,24,co founder,24,developer,6,developer,36,product manager,12,product manager,24,,,,,,
ACwAAAENUvUBzHXiOeAKM1Hav55ylVkgotRYbB8,developer,60,co founder,12,director r,37,software team lead,18,group leader,102,team leader,22,software team lead,5,,0,B.A.,computer science,Reichman University (IDC Herzliya),,,
ACwAAAeuBsoBtHSTdOsFbgNatrablchQNgFO0Rs,product manager,24,product manager,16,product manager,12,product manager,14,product manager,28,product manager,25,team leader,2,,0,B.A.,business management,college management,,,
ACwAAAEXhFYB7lwkt87KM8Gf4C7eFYGkAJ48inU,team leader,48,project manager,38,product manager,39,product manager,22,product manager,25,product manager,12,,0,,0,B.Sc.,Political Science and Government,Bar-Ilan University,,,
ACwAAAF_Zl4Bsc3UHL7409piWj2ddm6K73SdbPE,mentor,18,mentor,32,team leader,24,consultant,36,manager,24,product specialist,4,product manager,60,product manager,30,B.Sc.,computer science,mercy college,M.Sc.,technology management,New York University
ACwAAAF0rj8BS9jGkACQ0ji8Lx_4BYSBoAx_8jU,technical support,19,automation engineer,17,sw engineer,72,team leader,43,product manager,23,manager,24,project manager,20,team lead,22,B.Sc.,computer science,Tel Aviv University,,,
ACwAAAF753sBtHrMvPzvGDnKreUehWk7I69iL8o,mentor,12,analyst,24,sales representative,12,qa,12,project manager,12,analyst,6,qa engineer,23,data engineer,36,B.Sc.,Industrial Management (Informational Systems),Kherson National Technical University,M.A.,organizational psychology,Bar-Ilan University
ACwAAAFdDI0BC2p4UjES_R1P-VY4kkiBIxUOMbA,manager,36,co founder,54,mentor,30,software developer,32,software developer,26,developer,58,manager,21,developer,96,,,,,,
ACwAAAFfqeoBRNkztUFu6VOTyo2yxHz4PvTUK_A,system administrator,34,software engineer,15,software engineer,24,team leader,64,team leader,14,team leader,25,cto,24,software team lead,23,B.Sc.,computer software engineering,Technion - Israel Institute of Technology,,,
ACwAAAFfSZsBVmZq5qUyB1UOmc3bbrIgpSh-CWY,software developer,25,software developer,14,cto,235,software engineering manager,235,,0,,0,,0,,0,B.A.,computer sciense,Ha'Universita Ha'Petuha,M.B.A.,b,Ha'Universita Ha'Petuha
ACwAAAfop4oB7OfpqAIF8x1PZ8tQa5ifdS2R8uk,software developer,57,software developer,11,software developer,11,software engineering manager,4,,0,,0,,0,,0,B.Sc.,bioinformatics,Tel Aviv University,,,
ACwAAAFP4yUBfI77wwX589Lxm0UKmWLws0JoU9A,software developer,36,product manager,48,product manager,24,director product,72,marketing manager,68,director marketing,6,,0,,0,,,,M.B.A.,marketing,college management
ACwAAAFpFUwBZxvuESMrfh_zUOGujrZDYlEdctI,associate,16,associate,11,associate,11,analyst,6,product manager,27,co founder,15,product manager,15,product manager,1,,,,,,
ACwAAAfuu1IBNNVdjVC2jrFWOM_ULOXC-s7DaVo,software developer,35,software engineer,35,software engineer,16,software engineer,70,,0,,0,,0,,0,B.Sc.,software engineer,"Afeka, Tel-Aviv Academic College of Engineering",,,
ACwAAAG2PL0BmAe86u9akYAo0rdpMMRj_p-OhvE,researcher,23,teaching assistant,46,research assistant,46,ux expert,20,ux expert,4,product manager,17,product manager,23,officer,11,,,,M.Sc.,Human Factors Enginering,Ben-Gurion University of the Negev
ACwAAAgaTg8BVjkyTPOOJpP1vMJiRyM2c-CuPiw,security,24,system administrator,60,software developer,48,project manager,24,development team lead,36,manager,44,manager,37,software engineering manager,5,B.Sc.,computer science,Tel Aviv University,,,
ACwAAAGLvNoBHmCapp4rsmRHleU54tVVm60ghNQ,instructor,36,software engineer,36,project manager,35,product manager,24,director product management,48,product manager,24,product owner,24,team leader,24,B.A.,business administration,university derby,M.B.A.,marketing,MLA - The center of Academic Studies
ACwAAAgMMj0Bm_Nzaw9mce_XbqQrayWmHVrKOOE,graphic designer,20,product designer,12,product designer,18,mentor,27,product designer,16,product manager,27,product manager,9,,0,B.Sc.,"Graphic Communications, Graphic Design",ESA Le 75,,,
ACwAAAgptsIBqi8XEh4YzgnJYJVOYvkMxa1Z3yE,software engineer,12,software engineer,19,devops,30,software engineer,34,team leader,45,software team lead,1,,0,,0,B.Sc.,software engineering,Ben-Gurion University of the Negev,,,
ACwAAAGqtLEBDDH8JeUkfuLTNPZ0zFDIbv5hJJ0,software engineer,44,team leader,32,sw engineer,6,sw engineer,47,team leader,55,software engineer,15,software architect,11,team lead,14,B.A.,computer science,Ha'Universita Ha'Petuha,M.Sc.,computer science,Reichman University (IDC Herzliya)
ACwAAAGS2wsBmWf1eZ-6vAneb-FxxEK9kyzlPK8,software engineer,12,software engineer,23,software engineer,6,software developer,20,team leader,18,software engineer,16,software development team lead,60,software development team lead,26,B.Sc.,Information System Engineering,Ben-Gurion University of the Negev,,,
ACwAAAGU6vQBbwfcGQ5K0LvA9y2QDgVeg-dxMfY,web developer,26,system engineer,11,team leader,29,team leader,23,security researcher,5,product manager,77,manager,18,product manager,26,,,,,,
ACwAAAGUKYsBvHGutirgi76Yl8d5qp0OYZ-LY6s,software developer,26,automation engineer,6,software developer,29,developer,12,software developer,28,technical lead,11,head development,11,tech lead,21,B.A.,biology,Technion - Israel Institute of Technology,M.Sc.,medical sciences,Technion - Israel Institute of Technology
ACwAAAGVEHUB4w4AB-SlzlsvpzOkvZYfZ48i7t0,mentor,62,mentor,78,web developer,12,web developer,24,web developer,7,software engineer,18,software engineer,25,software engineer,28,B.Sc.,computer science,Ben-Gurion University of the Negev,,,
ACwAAAHBOJEBq5LdrPmPBMYX0-UFqb7PLEfewZU,game designer,17,game designer,5,game designer,13,consultant,43,co founder,36,game designer,29,product manager,33,product manager,36,,,,,,
ACwAAAHcJoQBhvzL5d13B57-Fxd45690bQCHIBM,software engineer,54,team leader,22,team leader,14,manager,41,software development team lead,19,product manager,45,product manager,7,,0,B.Sc.,computer science,Technion - Israel Institute of Technology,,,
ACwAAAhmJXcBA78lC-tupumHAcOeZp3RGuWB8lo,developer,37,developer,11,developer,22,team leader,35,software developer,11,software developer,16,owner,41,software development team lead,29,B.Sc.,computer science,Holon Institute of Technology,,,
ACwAAAhw8pYBP9Fz0dI_nMYSxMwhGMAxE3IbAeo,pmo,20,project manager,28,project manager,27,project manager,25,product manager,10,product manager,22,,0,,0,B.Sc.,industrial engineering,Ben-Gurion University of the Negev,M.B.A.,strategy entrepreneurship,college management
ACwAAAI2eUsBPtFooEUm6bwNkcIxo26r2FR_1jM,developer,36,technical support,2,project manager,35,product manager,32,project manager,12,team leader,8,product manager,59,product manager,13,,,,,,
ACwAAAiCRsoBXAbEKiSA-maBY2nMKq6O2VNTP4M,specialist,12,net developer,48,team leader,60,project manager,36,project manager,37,software engineering manager,1,,0,,0,B.A.,Business Managmen major in Information systems,college management,M.B.A.,business managment,college management
ACwAAAIDcEsB16xZo60FbVZyaYfchBKbfHvcqmY,software developer,6,software engineer,76,team leader,21,team leader,8,team lead,11,software engineering manager,25,software engineering manager,24,,0,B.Sc.,Information System Engineering,Ben-Gurion University of the Negev,,,
ACwAAAiGCAEBq8ozw2xR4Vnyi_r3X-BSU1WMrkw,volunteer,4,consultant,48,marketing manager,48,associate,11,marketing manager,11,manager,4,product manager,35,product manager,2,B.A.,majoring in journalism and advertising,college management,,,
ACwAAAik8JEB5IHzTWt-LrSYNe6I1V46UrwQlNo,android developer,14,android developer,11,android developer,19,software engineering manager,28,software engineering manager,12,software engineering manager,15,software engineering manager,5,r manager,27,B.Sc.,internet communication,"The Academic College of Tel-Aviv, Yaffo",M.B.A.,Computer Technology/Computer Systems Technology,college management
ACwAAAInKzUBNxF-74iVc5JqhhGcXsOUF5JwSrw,manager,66,integration pm,18,integration pm,31,product manager,30,product manager,73,product manager,20,product manager,17,,0,B.Sc.,computer science,mercy college,,,
ACwAAAIny_kBeaMJhMEpB7SPAL42zkZx88F3XSs,manager,33,project manager,31,product manager,58,product manager,18,product manager,9,,0,,0,,0,B.Sc.,industrial engineering,Tel Aviv University,,,
ACwAAAIog28B16Ax5gtoHe4QOUeERTQmRgDX840,team leader,36,team leader,20,product manager,29,product manager,72,product manager,38,product team lead,10,,0,,0,,,,,,
ACwAAAipUu0BB7JgpkE1naq4g2hQ-fDai6SLHPw,qa,37,software engineer,43,team leader,22,director r,18,software engineer,12,software engineering manager,30,,0,,0,B.Sc.,computer science,Reichman University (IDC Herzliya),,,
ACwAAAIu34oB8cMOJD8tcCjJcUW-MBdrjJyurzM,web developer,48,web developer,24,developer,36,product manager,12,product manager,36,product manager,12,product manager,14,,0,B.Sc.,Information System Engineering,Ben-Gurion University of the Negev,,,
ACwAAAIXk0sBwcL1P2EGpk5jXkjtdRJnqPKKfJo,software developer,18,software developer,9,team leader,39,co founder,61,software engineer,6,software engineering manager,3,,0,,0,B.Sc.,computer science,Ben-Gurion University of the Negev,,,
ACwAAAJakbEBtEu7Bu8j5zhnn71ooyzroBZZmhw,software,19,software developer,35,technical lead,83,software development team lead,70,,0,,0,,0,,0,B.Sc.,computer science,Ben-Gurion University of the Negev,M.B.A.,Management Information Systems and Services,Bar-Ilan University
ACwAAAJApw0Bv5mi5V8Z2k07l_yTomBYXHHefrU,volunteer,6,volunteer,20,project manager,46,product manager,7,product manager,19,product manager,32,intern,4,product manager,11,B.A.,business administration,Reichman University (IDC Herzliya),M.B.A.,marketing,UCLA Anderson School of Management
ACwAAAJKk4YBeCn57OSaVu22nMQ8I9yNhvh7cQw,qa engineer,10,student,26,sw engineer,53,scrum master,9,scrum master,12,team leader,23,group leader,28,software development team lead,14,B.Sc.,physics,Bar-Ilan University,,,
ACwAAAJNcX8BRNlJEhPKVf8kvbuP7eA1kJp4cR0,consultant,14,consultant,35,consultant,49,consultant,12,business analyst,12,project manager,13,product manager,30,director product,12,B.A.,computer science,college management,M.B.A.,marketing,Bar-Ilan University
ACwAAAJq_68B7acigf9SaD08zawk_q385eTVvNo,team leader,54,team member,7,product manager,31,product manager,38,product manager,27,product lead,19,co founder,19,product manager,17,,,,,,
ACwAAAJRP8ABwySyBMbbIQA_WGFyA2sHlXMyVRs,software engineer,20,software engineer,20,developer,53,software engineer,29,software team lead,17,,0,,0,,0,B.Sc.,computer science,hebrew university,,,
ACwAAAJuJCoB2jQ7CjemvUxrGH8yLhUdmu2Uh2o,designer,2,intern,2,intern,2,software developer,27,application engineer,10,application engineer,12,web developer,52,software engineering manager,53,B.Sc.,computer science,touro university,,,
ACwAAAjxGbsBXCo8X7-6ICxDzJAlJkIUPHBWHxk,system administrator,25,software team lead,23,team lead,15,co founder,34,product owner,32,product manager,29,founder,7,product manager,7,,,,,,
ACwAAAK19QIBatuAIllYI-SceNt7LfEEbjOgFBk,board member,150,manager,164,software development team lead,30,,0,,0,,0,,0,,0,B.Sc.,computer science,Reichman University (IDC Herzliya),M.A.,computer science,Reichman University (IDC Herzliya)
ACwAAAk2ZsoBqRE3EGf1SXIJWwF99kg1Pv9LhRA,web developer,24,software engineer,36,team leader,24,head development,12,team leader,24,director engineering,36,vp r,15,vp r,17,B.Sc.,computer engineering,hebrew university,,,
ACwAAAK7uYwBzuAiTvZ6YmdCyEwTKi-ieo3mDl0,web developer,35,software engineer,36,software engineering manager,86,,0,,0,,0,,0,,0,,,,,,
ACwAAAK9VWgBapW3VYLJ-yieMUOtSBDwk5lT22Y,software engineer,15,software engineer,59,lecturer,7,team leader,38,software engineer,12,r manager,35,software,35,software engineering manager,25,B.A.,computer science,open university,M.Sc.,computer science,open university
ACwAAAKcAD8Bd-cmroL9CT20IRYimuo6K8PZDGU,director,19,co organizer,26,co organizer,36,system administrator,24,project manager,36,software engineer,27,team leader,36,software engineer,20,B.A.,computer science,Reichman University (IDC Herzliya),,,
ACwAAAKE20gBFZum2-q1MQA69KMfoPVNlGrwJ2s,web developer,16,research assistant,24,research assistant,12,software developer,12,software developer,20,software engineer,7,software team lead,24,,0,B.A.,architecture,Technion - Israel Institute of Technology,,,
ACwAAAKekxkB7tp3654t-WLXBXl2lf_7l4MYHRc,system administrator,27,software developer,6,software developer,36,web developer,6,software developer,14,team leader,29,group leader,13,manager,7,B.Sc.,computer science,Ben-Gurion University of the Negev,M.B.A.,business management,Tel Aviv University
ACwAAAkJbxwBzyqHr3QrK92eoky92MZ4spEIsF8,software engineer,39,software engineer,82,software engineering manager,17,,0,,0,,0,,0,,0,,,,,,
ACwAAAkq-2sBbLrW0IJpg3p6Q-devFKiCC3Zqck,software engineer,36,software engineer,36,team leader,37,software engineer,6,software development team lead,3,,0,,0,,0,B.Sc.,Communication Systems Engineering,Ben-Gurion University of the Negev,,,
ACwAAAkQ3MMBE4jFvRI8AjEJROfW7AfNcufvU5o,student,23,developer,49,developer,20,software developer,33,software team lead,6,,0,,0,,0,B.Sc.,Industrial & Management Engineer,ORT Braude College,,,
ACwAAAkRBfgBvoKfZy57-Sa_1g-jVBuyrGcZ9bI,group leader,19,project manager,5,solution architect,24,product manager,45,product manager,13,,0,,0,,0,B.Sc.,electrical engineering,Technion - Israel Institute of Technology,,,
ACwAAAKUTh4BfdjZ6FFrjdh5UKQw1NS2cvP8a3Q,software engineer,86,team leader,81,software,163,software team lead,25,,0,,0,,0,,0,,,,M.Sc.,System and Computers Engineering,Rīgas Tehniskā universitāte (Riga Technical University)
ACwAAAKw8hcBCx1mFELezm9LDVkrGBOB6msf_IA,developer,11,manager,104,developer,10,software engineer,33,manager,13,manager,49,software developer,13,software engineer,38,,,,,,
ACwAAAKYIVUBXuIDNB01aHY07r_rrV9qtrkz280,system architect,60,security,131,security,21,product manager,45,product manager,3,,0,,0,,0,B.A.,business administration,Western New England University,,,
ACwAAAL_-GgB9teXxhmsFeyhypK3DaSMiEXK_sg,software engineer,48,project manager,24,founder,24,product lead,48,product manager,38,,0,,0,,0,B.Sc.,electrical electronics engineering,Bar-Ilan University,M.B.A.,information systems,Bar-Ilan University
ACwAAAL-LUgB84epU2HFOYdbuZw2IJDuZGyjH7Q,manager,12,qa engineer,21,project manager,12,project manager,33,project manager,24,product manager,12,product manager,12,vp product,24,B.A.,business management,college,,,
ACwAAAL1gzkB46O67Vz2NY_SMiSvLlZgDTZ7HRs,developer,18,technical support,17,web developer,21,web developer,10,software developer,11,developer,27,frontend developer,16,developer,32,B.Sc.,computer science,Hadassah Academic College,,,
ACwAAAl4zh8BaKPVZ4EJHVbUl1_A59TBQUpW7pw,manager,19,manager,16,manager,17,manager,18,co founder,47,co founder,11,consultant,6,product manager,24,,,,,,
ACwAAAljSFIBHZSDjMn4SAxchyrHqlRiE9RScXA,teacher,8,android developer,8,teaching assistant,7,software engineer,34,team leader,26,software engineer,29,software engineer,14,product manager,22,,,,,,
ACwAAAln3UABqG-zu_jJ8d4DvpwLYdflwnUiW8c,sw engineer,70,software engineer,34,technical leader,21,software engineering manager,23,head r,9,manager,23,software engineering manager,10,,0,B.Sc.,computers sciences,Tel Aviv University,,,
ACwAAALnL_4B4ze7pwKviGrSI9hKQ9kLrwqa8BE,mentor,6,qa engineer,26,software developer,27,software developer,57,developer,17,software engineer,6,software engineer,13,team lead,15,B.Sc.,computer science,"The Academic College of Tel-Aviv, Yaffo",,,
ACwAAALOxLABspk6VshvG0YpT0U6c2ZKSoudnCg,integration engineer,7,software engineer,45,software engineer,19,technical lead,18,team lead,9,developer,14,team lead,42,software team lead,20,B.Sc.,computer engineering,hebrew university,M.B.A.,business administration,Tel Aviv University
ACwAAALqTdEBzjs-2tnzMxHvyKAOVqCOnxpXlzQ,team leader,48,r manager,96,director r,103,vp r,38,software engineering manager,35,,0,,0,,0,B.Sc.,computer science,Tel Aviv University,M.Sc.,computer science,Tel Aviv University
ACwAAALSmiQB62lsUNBvdyMuWMbNFE2EAncZG-E,group leader,38,product manager,37,product manager,10,product manager,7,product manager,10,product manager,16,product team lead,69,,0,B.Sc.,electrical engineering,Holon Institute of Technology,,,
ACwAAAlU_BkBWxjQnhBZJv1vLmFiE1mKf0YHxwc,lecturer,59,software engineering intern,19,software engineer,33,software engineer,22,software team lead,36,software team lead,12,,0,,0,B.Sc.,software engineering,Technion - Israel Institute of Technology,,,
ACwAAALvhiYBJcul5-Oao6DhkxDlmFMHwUPUDuM,software,77,software development team lead,55,software development team lead,14,,0,,0,,0,,0,,0,B.Sc.,computer science,Bar-Ilan University,,,
ACwAAAm8wt8B3f-_50qO4xBH4fyzKlnkkMrz2qk,instructor,36,mentor,6,officer,48,manager,10,manager,13,product manager,13,head product,10,product manager,24,B.A.,interactive communications,Reichman University (IDC Herzliya),M.B.A.,innovation entrepreneurship,Reichman University (IDC Herzliya)
ACwAAAmfJPABDQRteGt-IAjyDc0kcmcq4cDfKGo,software developer,71,software developer,24,software developer,23,software team lead,41,team lead,14,software team lead,8,,0,,0,,,,,,
ACwAAAmhCZ0BixGPdvDsEyWUNg6ir8YZzUT1SpM,software developer,29,software developer,11,team leader,21,software developer,42,software developer,24,software engineer,27,co founder,86,ceo,17,B.Sc.,computer science,The Max Stern Yezreel Valley College,,,
ACwAAAMsB_ABuo8BLC1O-DQfyDM0gROhqYIFWhM,software engineer,47,software team lead,32,cto,8,software engineering manager,15,software engineering manager,95,,0,,0,,0,B.Sc.,computer science,Tel Aviv University,,,
ACwAAAMtZE0B2HvCqAhZqjeqC-yzgPzFmWIGSuw,programmer,40,team leader,24,team leader,28,software engineer,35,software engineer,12,software engineer,30,software development team lead,39,,0,B.Sc.,computer science,Bar-Ilan University,,,
ACwAAAmvE3oBDbceuKfBcVXg29FImknlv-2YhlM,net developer,35,developer,51,developer,6,technical lead,8,manager,35,r manager,12,software engineering manager,5,,0,,,,M.B.A.,hi tech,college management
ACwAAAMy1WwBNAcRcpkpFaFxqnvIvqnlUevpiGs,officer,24,software developer,16,developer,38,net developer,23,developer,43,software developer,11,software team lead,2,,0,B.Sc.,Computer Sciences with a minor in artificial intelligence,"The Academic College of Tel-Aviv, Yaffo",,,
ACwAAAMYeHQBBufPJvtv7wQgP4ryiwenF99bZDo,technical support,7,qa,17,programmer,8,programmer,35,software engineer,11,development team lead,17,software engineer,19,software development team lead,57,,,,,,
ACwAAAnD4zABfJbOaYVlEaPKGGZwUeEBUmMWReE,specialist,32,developer,4,project manager,21,software developer,16,developer,37,software development team lead,11,,0,,0,,,,,,
ACwAAAnDUs0BQK7pcKhp0puZfNdd0rG4V_5E5qw,student,42,automation engineer,6,software engineer,18,software engineer,27,software engineer,25,software engineer,8,software engineer,28,software engineering manager,14,B.Sc.,computer science,"The Academic College of Tel-Aviv, Yaffo",,,
ACwAAANK3egB-_mzeqi3OjVyQSDRvFThGxxQMec,team leader,39,product manager,28,product manager,24,product manager,37,director product management,24,product manager,8,,0,,0,,,,M.B.A.,accounting finance,Tel Aviv University
ACwAAANkoLoBtKCLan9Q-zFu0uHTOSprgXjQviI,software developer,48,product manager,60,manager,24,product manager,16,product manager,4,product team lead,5,mentor,3,,0,,,,,,
ACwAAANMRyIBiT7RkA-3jMWZTUTW6EdV8Cg41Xs,developer,38,team leader,38,developer,24,developer,24,team leader,12,analyst,72,product manager,16,product manager,23,B.Sc.,business studies,open university,,,
ACwAAAocRisBNepPLK_kLW2UPgWw2SYGY-aqcz8,software engineer,29,manager,17,product manager,50,product manager,20,,0,,0,,0,,0,B.Sc.,computer science,open university,,,
ACwAAAOG9xIBThrSCYhmDp5ZzUkeFdxLPmf3B-c,technical support,12,manager,67,automation engineer,18,software engineer,42,software team lead,1,,0,,0,,0,B.Sc.,computer science,"The Academic College of Tel-Aviv, Yaffo",,,
ACwAAAoKH84B4W-bhEO78nMbDPCNp2IEzLLtnIA,manager,104,sales engineer,33,r manager,12,marketing manager,47,product manager,106,,0,,0,,0,B.Sc.,economics,Bar-Ilan University,M.B.A.,marketing,Bar-Ilan University
ACwAAAOrgRQBEM7LhQihfOihL_7zVZMtPPf4l4Q,software,10,software engineer,32,team leader,20,software developer,4,team leader,31,software engineer,10,software engineer,14,software engineer,26,B.Sc.,computer engineering,Ruppin Academic Center,,,
ACwAAAOt6TcBPUeojDDucTwSPHylnvqZnOZodE0,mentor,23,business analyst,72,business analyst,24,business analyst,24,product manager,47,product manager,14,product manager,1,,0,B.Sc.,industrial engineering,Tel Aviv University,M.B.A.,finance,Ben-Gurion University of the Negev
ACwAAAP2sMAB6vKoJqgL4jgUZtVeuStdyJBFdHE,implementation engineer,24,business analyst,60,product manager,35,product manager,38,,0,,0,,0,,0,B.Sc.,industrial engineering,Ben-Gurion University of the Negev,,,
ACwAAApAVxUBrhgs2vNsgcv9ZE3fi31-ddSXY4I,designer,25,ui designer,46,product designer,8,product designer,9,product designer,44,product manager,6,,0,,0,,,,,,
ACwAAApkhmQBSK0ib1T1Zmf8x__3I1k0mLpVEGA,lecturer,16,application engineer,21,product specialist,23,product development,25,product manager,33,,0,,0,,0,B.Sc.,computer engineering,Ben-Gurion University of the Negev,,,
ACwAAAplBdQB5Ev7bgQ0LQOLpSNKxTT4e00bQXk,manager,25,project manager,17,product manager,44,product owner,8,product team lead,5,,0,,0,,0,B.A.,media communication,Reichman University (IDC Herzliya),,,
ACwAAAPNL6wB1wgzSsp2syg3Am-mCnSrpJsxidI,software engineer,73,software engineer,21,software engineer,18,team leader,20,software engineer,20,software engineer,14,software engineer,30,software team lead,7,B.Sc.,computer science,"The Academic College of Tel-Aviv, Yaffo",M.Sc.,accounting finance,Tel Aviv University
ACwAAAPNrQ0B736v3_fn28Wiw8JSoMefCtSdaVE,software engineer,24,software engineer,60,software engineer,47,software,17,software engineer,21,software development team lead,48,,0,,0,B.T.,computer software engineering,ORT Braude College,,,
ACwAAAPQhqEBbpjDLvanbjPt7FbGTZmOnXw_uqE,qa engineer,13,team leader,31,manager,20,director,15,manager,14,product manager,28,director product management,21,product manager,17,,,,,,
ACwAAAPRRUMBKvjdCeDyoAYscY68iqRjWAjP2Gk,team leader,24,head r,87,r manager,30,director engineering,82,software engineering manager,4,,0,,0,,0,B.Sc.,computer engineering,Technion - Israel Institute of Technology,,,
ACwAAAPtpk4ByP8DdOizQTJIRq04XPoYwW6cozE,director business development,12,software developer,9,software developer,19,software engineer,11,tech lead,14,software engineer,14,,0,,0,B.Sc.,life science,hebrew university,,,
ACwAAApwiH0BlzF3-2cMIJVn2l8sIIRGaN2wtlc,software,36,officer,41,software developer,14,software developer,16,product manager,58,product manager,12,,0,,0,B.Sc.,computer software engineering,Technion - Israel Institute of Technology,M.B.A.,"Management of Technology, Innovation & Entrepreneurship (MoTIE)",Tel Aviv University
ACwAAAQ9PtgBysYL9Sst1bSWCqikkMpOWf88YBI,software engineer,36,software engineer,16,software engineer,39,software engineer,83,software team lead,4,,0,,0,,0,B.Sc.,computer science,Technion - Israel Institute of Technology,,,
ACwAAAqUOa4ByKL2cPJT4M57aDy8XmCdVR1c7d4,qa engineer,34,developer,24,qa engineer,17,software developer,31,software team lead,7,,0,,0,,0,B.Sc.,electrical electronics engineering,Afeka - College of engeniring,,,
ACwAAArjJD4B-KboTAizHgUA3RQc_VBIfTmzHko,developer,13,web developer,34,developer,14,developer,6,developer,12,developer,9,architect,6,software team lead,26,,,,,,
ACwAAArkywQB3QXQGqRm0d0VOpD7aRFKbFZohbE,analyst,12,product manager,24,product manager,24,product manager,24,product team lead,24,product manager,38,product manager,10,lecturer,5,B.Sc.,"B.Sc. Information Systems, B.A Psychology",university haifa,,,
ACwAAArrgcUBX2E0l058wpcJOcaQ7lA_wg1iCIM,qa engineer,24,application engineer,14,application engineer,14,project manager,33,product manager,27,,0,,0,,0,B.Sc.,electrical electronics engineering,Tel Aviv University,,,
ACwAAARSq08BlfjpETfI68TG5OepcJEmtsrsNWA,volunteer,94,support engineer,13,team leader,13,project manager,26,technical lead,20,product manager,32,product manager,42,,0,B.A.,information systems,Ruppin Acadmic Center,,,
ACwAAARybUQBppcMAPczw_gg3J78cPYva94GNOk,web developer,39,team leader,5,software engineer,9,software development team lead,70,scrum master,44,software engineering manager,3,,0,,0,B.Sc.,computer software engineering,hebrew university,,,
ACwAAAs0LCgBpHvt9LRuvk_M3GkqsfKAgIZolLU,research assistant,12,software engineer,21,software engineer,10,software engineer,12,software engineer,23,software engineer,8,software development team lead,5,,0,B.Sc.,Communication Systems Engineering,Ben-Gurion University of the Negev,,,
ACwAAAS3dioBuRRhZt03iuB0GSqFwTZfe7XHNAY,software engineer,43,team leader,20,software engineer,18,software engineer,22,team leader,41,team leader,13,software engineering manager,40,software engineering manager,11,B.Sc.,business administration,Reichman University (IDC Herzliya),,,
ACwAAAS7jpMBU0y5zEE9XoQ0LaHtbMj-dd336vg,qa engineer,4,qa engineer,29,qa,28,software engineer,105,software team lead,2,,0,,0,,0,B.Sc.,computer science,college,,,
ACwAAASAeIgBTNRe2hWcOuRMA8Dd7Ru9odq-Ofk,software engineer,60,software team lead,60,software team lead,38,,0,,0,,0,,0,,0,B.Sc.,computer science,Technion - Israel Institute of Technology,M.B.A.,"Management of Technology, Innovation and Entrepreneurship",Tel Aviv University
ACwAAAsE1XYBsEsWhLC8TUOqzzGCZsQkdRdBEGE,developer,9,developer,23,team leader,9,developer,33,developer,7,product manager,38,,0,,0,B.Sc.,Communication System Engineer,bgu,,,
ACwAAASgqlEBbk1KoMRQrSB8-2Hbry-srfi7_nc,software engineer,83,team leader,60,team leader,30,software engineer,29,team leader,4,software team lead,36,,0,,0,B.Sc.,computer engineering,Technion - Israel Institute of Technology,,,
ACwAAASis24BuniJv0yEn0nPOYo9pSKcKxe1cEs,developer,72,software engineer,14,software developer,15,software engineer,80,team leader,24,software engineer,4,software engineer,2,software engineer,9,,,,,,
ACwAAAsl_N0B3umvMc-ysMapxTPd-XTQqoYVK6I,devops engineer,13,software engineer,18,software engineer,80,software engineer,29,product manager,43,product team lead,26,,0,,0,,,,,,
ACwAAASTstsBDd5blTr0E3Y09n5muQBTrpAsCRQ,teaching assistant,21,instructor,21,tutor,9,software engineer,9,developer,23,product manager,23,manager,11,consultant,1,B.Sc.,computer science,hebrew university,,,
ACwAAAT8D8wB-8ZuXmvweO0LMnOGjbnF0mEL2gc,analyst,78,software engineer,17,software engineer,5,software engineer,30,manager,42,software engineering manager,18,,0,,0,B.Sc.,computer software engineering,Reichman University (IDC Herzliya),,,
ACwAAAtcbxoBjm38BiZSGvHgmnvTmT4ngqoeN3E,qa engineer,24,security,22,product manager,86,mentor,11,product team lead,31,,0,,0,,0,,,,,,
ACwAAATcI4ABiOz2cbCU3KFCSKsnmw0odA5QCeE,tutor,8,instructor,37,java developer,17,java developer,30,java developer,28,devops engineer,19,software team lead,29,,0,B.Sc.,computer science,Reichman University (IDC Herzliya),,,
ACwAAAtIf_8BPHcCpOxrNd2UC6odIq51w0RBXlg,system administrator,12,student,15,developer,100,software development team lead,25,,0,,0,,0,,0,B.Sc.,computer software engineering,Ben-Gurion University of the Negev,,,
ACwAAATYNmoBTEUI6Bvuj-qXWxJo3rBiDPeYUxs,designer,12,senior designer,14,designer,25,senior designer,27,product designer,60,product team lead,15,product lead,27,product manager,10,,,,,,
ACwAAAU2KUgBT80XeV_PxgCKfNCAAe6BnItTDCI,business analyst,63,project manager,7,manager,39,product manager,40,product manager,35,,0,,0,,0,B.Sc.,industrial engineer,college,M.B.A.,business administration,Bar-Ilan University
ACwAAAuARtwBFkbXM3qi_zfJnmNqe8qG-_jMLME,programmer,54,software developer,29,software developer,32,software developer,34,software development team lead,6,,0,,0,,0,,,,,,
ACwAAAUBqbkBhuB3ndJargfVHZAyVvT8_5CdyOY,software engineer,86,software developer,29,software engineer,23,software engineer,29,software engineering manager,25,manager,13,software development team lead,13,,0,B.A.,computer science,"The Academic College of Tel-Aviv, Yaffo",,,
ACwAAAUS2fABHzeJRccGy80WHUfYuXZdgUqkQDE,product manager,36,product manager,61,product manager,46,product manager,36,,0,,0,,0,,0,B.Sc.,Media Communication Management,college management,M.B.A.,business management,Ono Academic College
ACwAAAUtik8B6Wmyh5jty0VBgzWaB4UJUfGlT3w,software engineer,42,product manager,23,product manager,30,director product management,28,director product management,3,product manager,16,product manager,15,product manager,6,B.Sc.,computer science,university haifa,M.B.A.,entrepreneurship technology,Tel Aviv University
ACwAAAV-nBgBL1WipQFSao6GFmtv93TNzyOfXS4,technical support,33,software engineer,26,java developer,14,software engineer,32,team leader,39,software engineering manager,31,software team lead,5,,0,,,,M.B.A.,finance general,open university
ACwAAAV11jsBz43SXcA53ohf4uF_DuMsvh_p9dw,project manager,9,business analyst,22,business analyst,7,analyst,17,product manager,25,product manager,15,product manager,29,,0,,,,M.B.A.,Specialisation in Technology & Innovation,Tel Aviv University
ACwAAAv6J2cBVtUEy5bMklqt0aghEro_FcHy9-A,analyst,16,software developer,40,team leader,38,manager,11,software engineering manager,1,,0,,0,,0,,,,,,
ACwAAAV9TakBa4DyPgd-8gjUmj5ZhDeJ1wrIwpw,mentor,63,application engineer,36,co founder,23,system engineer,25,team leader,12,product manager,18,product manager,18,product manager,35,B.Sc.,electrical electronics engineering,university maryland,M.B.A.,Information System and Organization Development,Bar-Ilan University
ACwAAAvE94QBd6yBsR1AVqiHUbfTkCd8Jk1el30,developer,48,developer,14,co founder,5,team leader,10,software engineer,13,developer,40,software engineer,26,,0,B.Sc.,computer science,Tel Aviv University,,,
ACwAAAVf4ioBsXRnmr7pRzMQpZYuh-CBNCMG81o,analyst,32,student,12,student,6,student,6,consultant,12,software developer,24,consultant,24,software developer,12,,,,,,
ACwAAAVIvCEBIerwNaYOIqv4kKz5qT_DPF4okHI,owner,99,technical support,39,student,24,technical lead,27,security,14,software engineer,38,software engineer,9,technical lead,8,B.Sc.,industrial engineering,Technion - Israel Institute of Technology,,,
ACwAAAvJ6AsBizJpffqP2Cj8pwUpXYMG3c1Vps4,product manager,12,manager,23,product manager,13,project manager,9,product manager,71,product manager,2,,0,,0,B.Sc.,business management,college management,M.B.A.,business administration,Ono Academic College
ACwAAAVKp2kB_KCX6FFMSVyNdDDQmo2KAv_3V3s,software engineer,24,software engineer,24,software engineer,12,software engineer,60,software engineering manager,24,software engineering manager,2,,0,,0,B.Sc.,computer science,Bar-Ilan University,,,
ACwAAAVMdj8B3kJsXZ8sV22effE37HuGvxCmNSI,software engineer,14,software engineer,70,tech lead,33,cto,12,software engineering manager,55,,0,,0,,0,,,,,,
ACwAAAW3bkEBcEav8Ef5xjV0rj04zHSh0dhQ0TA,software engineer,9,software engineer,12,software engineer,23,software engineer,24,developer,39,team lead,42,software engineering manager,4,,0,B.Sc.,physics,Samarkand Aliser Navoi Nomidagi Universiteti,,,
ACwAAAWeOIoB8eFStKSlJ0P-FL4yChgttMx9Ih4,security,21,security,39,technical support,12,manager,12,manager,12,product manager,35,product manager,1,,0,B.Sc.,history,open university,,,
ACwAAAwLMe8BIhh5uXxqGU1J2mu3cxRniExHb-I,student,36,software engineer,33,technical lead,33,manager,37,product owner,4,product manager,46,software engineering manager,26,,0,B.Sc.,industrial engineering,Technion - Israel Institute of Technology,,,
ACwAAAX5cPIBSWfC7H7FewQW6j0eeSCmDwLyI6Q,qa engineer,41,software engineer,54,software developer,40,developer,8,product owner,17,software team lead,24,,0,,0,B.Sc.,software engineer,college,,,
ACwAAAx8bdYBDIeAzKPmfV0aoe9m3YyOtl9F-2A,algorithm engineer,24,team lead,12,product manager,24,product manager,50,,0,,0,,0,,0,B.Sc.,physics,Ben-Gurion University of the Negev,,,
ACwAAAX9HQkBQWlvOfXgInT2KwvaAcu0_XSsh5k,software engineer,44,software development team lead,18,software engineer,2,software engineer,11,software development team lead,35,software development team lead,22,,0,,0,B.Sc.,computer science,h,,,
ACwAAAXFAFYBIpZ5ZSGdX4DzG-HJx4olQyTcnm8,developer,12,project manager,12,team leader,24,manager,12,manager,12,co founder,24,technical expert,24,product manager,12,B.Sc.,computer science,university haifa,,,
ACwAAAXJ7VgBQScKBrJWxq4skI7BxUB7tVxruxE,software engineer,31,net developer,84,team leader,82,software development team lead,16,,0,,0,,0,,0,B.Sc.,software engineer,college,,,
ACwAAAXQUgUBoEDZVURbLtywEQIc74EiABQEGlg,team lead,41,qa engineer,40,team lead,15,associate,12,associate,35,product manager,3,product manager,24,product manager,5,,,,M.B.A.,business administration,IESE Business School
ACwAAAxT5wEBlVqIHQnt9Uem7ucZFoCrP37oKc0,ui designer,34,ui designer,19,ui designer,16,product designer,18,product team lead,7,,0,,0,,0,B.A.,interaction design,The NB Haifa School of Design,,,
ACwAAAXUfo0BtFselQy0y6xIFVDJ9FHsTzLDTQA,software engineer,133,sw engineer,96,software team lead,38,,0,,0,,0,,0,,0,,,,,,
ACwAAAxx2wQBmnN4_7IoXpkGlYdSb11z9eC3ack,software engineer,37,team leader,15,manager,30,product manager,14,product manager,16,product manager,4,product manager,15,product manager,4,B.Sc.,computer science,Tel Aviv University,,,
ACwAAAXXlXkBv87AnLCgg9XQaV7fyiJZ1NXBXPQ,software developer,17,software developer,4,software developer,15,software developer,15,software developer,16,software engineer,3,software developer,36,software team lead,11,,,,,,
ACwAAAXZ1gwBzZHtKJtEoJDD5E1fq-boO9H83m8,board member,4,system administrator,36,architect,35,product manager,41,software engineer,25,product manager,21,product manager,10,,0,B.Sc.,computer science,open university,,,
ACwAAAXZLf0BNPrFTaF010sK0epqe3ZUvz3iTYM,product manager,12,team leader,29,specialist,13,product manager,41,product manager,54,product manager,29,product manager,3,,0,B.Sc.,industrial engineering,Shenkar - Engineering. Design. Art.,,,
ACwAAAXZmcUBJ3WfkSihqhruF_lFeBH98ksR2PY,volunteer,13,product owner,23,software developer,17,product manager,33,product manager,19,product team lead,4,product team lead,11,product manager,4,B.Sc.,industrial engineering,Technion - Israel Institute of Technology,M.B.A.,"Technology management , Strategy & innovation",Tel Aviv University
ACwAAAY-inUBqVdYbnp1ckJ_a4qOXZINTDvTTo4,technician,35,system engineer,17,algorithm engineer,48,system architect,51,manager,12,manager,23,product manager,35,,0,B.Sc.,ee,Tel Aviv University,M.Sc.,ee,Tel Aviv University
ACwAAAy43kUBQmsn_T9mqZhKZr4iKvKz_k4Ae1I,project manager,24,product manager,60,product manager,46,product manager,12,product manager,21,,0,,0,,0,,,,,,
ACwAAAY5LyQBZBstcsHUZ2BK5ZZRh0e4pfq3_ec,board member,12,volunteer,24,research assistant,24,researcher,11,analyst,18,analyst,10,analyst,8,manager,25,B.A.,"Psychology, minor in Sociology & Anthropology",Bar-Ilan University,M.A.,"Government, specialization: Counter-Terrorism and Homeland Security",Reichman University (IDC Herzliya)
ACwAAAy88N8BmZGtQYYH-Av7v_L-GkHgpnVmSKM,tutor,15,software engineer,31,software engineer,23,manager,3,director,30,product manager,1,,0,,0,B.Sc.,computer engineering,hebrew university,,,
ACwAAAYABgEBikFls5caNiCy5oZaAvUHf-l5XI4,software developer,48,software development team lead,11,software developer,45,team leader,10,software development team lead,46,software engineering manager,27,,0,,0,,,,,,
ACwAAAYjk8cBXNesPQj6mPRw1qT2yj3dZ-rTe-k,consultant,1,volunteer,43,intern,2,teaching assistant,6,research assistant,48,analyst,2,product manager,15,product manager,35,B.Sc.,"Chemistry, Biology, with distinction",stanford university,,,
ACwAAAYjMm0BmDZ5ejO0b6AjiUf8LkDxKa1i_r0,software engineer,66,software developer,23,software development team lead,17,,0,,0,,0,,0,,0,B.A.,computer science,Reichman University (IDC Herzliya),,,
ACwAAAYRO5oBW2jcNnVWGFF6fnPn95KrlDgcBlM,developer,4,software engineer,48,software engineer,19,software engineer,48,software,26,team leader,41,software engineer,24,,0,,,,M.B.A.,business administration,open university
ACwAAAYyym4B81GKJcs06BT04SbCYHxtYFG1tnU,web developer,19,net developer,17,java developer,38,development team lead,28,manager,14,director engineering,6,,0,,0,B.Sc.,computer software engineering,Shenkar - Engineering. Design. Art.,M.B.A.,Technology companies management,Collage of management Academic studies
ACwAAAyzLpwBVoVCsK5VGwFCSeKNSjgfKUzEpHM,technician,5,research assistant,12,mechanical engineer,41,product manager,24,product manager,45,product manager,3,,0,,0,,,,M.B.A.,business management,Ben-Gurion University of the Negev
ACwAAAzjkuoBqCp9f5CV9s9ocOdCEOb2w_LwzoY,qa engineer,36,qa engineer,14,software developer,2,qa engineer,4,automation engineer,21,software engineer,6,software engineer,35,developer,19,B.Sc.,computer science,"The Academic College of Tel-Aviv, Yaffo",,,
ACwAAAZjq5MBndsqc_DmuE2bDrEE2ytPbKqX2Do,software developer,28,web developer,10,development team lead,17,team leader,8,lecturer,3,software development team lead,2,,0,,0,B.Sc.,chemical engineering,SCE - Shamoon College of Engineering,,,
ACwAAAZnYEYB6ASeJZJP93KdAVKbC3reQx_uN_4,software developer,46,software developer,20,software developer,20,software engineering manager,15,,0,,0,,0,,0,B.Sc.,computer science,Ben-Gurion University of the Negev,,,
ACwAAAZo2P4BRRrtaH0bwfC8Z7NYq6tXidtn8DY,software engineer,40,software engineer,58,software development team lead,32,,0,,0,,0,,0,,0,,,,,,
ACwAAAzXChIBobjRKBkf_NKmuX_ozF4VSkoYjoE,software developer,76,software developer,29,software team lead,14,,0,,0,,0,,0,,0,B.Sc.,computer science,Holon Institute of Technology,,,
ACwAAB-8figBc6txRQ3hDYgPpe2HeoXrCDre3No,software team lead,22,software developer,78,software developer,24,software development team lead,6,,0,,0,,0,,0,,,,,,
ACwAAB022rwBafX-IgvUZlaGajgVHv6ozIux60A,software development team lead,81,,0,,0,,0,,0,,0,,0,,0,,,,M.B.A.,knowledge management,university haifa
ACwAAB05j5wBFeSEsEQ7WeqprbewasHcRq9dhCo,officer,53,product manager,23,product manager,32,product team lead,13,,0,,0,,0,,0,B.Sc.,industrial engineering,Tel Aviv University,,,
ACwAAB0kog4ByjrWEKS_r4WDJaSX1aaMr3Ob1d0,mentor,38,product manager,24,product manager,24,technical lead,9,product manager,46,product manager,8,,0,,0,B.Sc.,computer science,Tel Aviv University,,,
ACwAAB1t20EB_0C7p4eGMV81-EA38qAqWkivonA,business analyst,22,product manager,71,product manager,33,product manager,14,,0,,0,,0,,0,B.Sc.,industrial engineering,Ben-Gurion University of the Negev,,,
ACwAAB2fadIBxcZiFZ92PeKbZ87Sbvf4KOliJW4,instructor,24,web developer,24,software developer,18,developer,14,software developer,27,software development team lead,22,manager,9,,0,B.Sc.,computer science,college management,,,
ACwAAB2M-qQBc99Ud5oV6gNks2Hd5VpOgOCBHOo,net developer,36,software development team lead,11,net developer,13,net developer,28,software development team lead,27,,0,,0,,0,B.Sc.,computer science,"The Academic College of Tel-Aviv, Yaffo",,,
ACwAAB3wIjsBtZyYjDVIB3E7CVYp-gorDWCpuEQ,software engineer,36,software development team lead,38,,0,,0,,0,,0,,0,,0,B.Sc.,computer software engineering,ORT Braude College,M.Sc.,Computer/Information Technology Administration and Management,Tel Aviv University - Coller School of Management
ACwAAB4e76YB4M131SSbcnVxp8qi_VOTgwtwEtI,officer,52,co founder,46,product manager,11,product manager,31,product team lead,7,,0,,0,,0,B.Sc.,chemical engineering,Shenkar - Engineering. Design. Art.,,,
ACwAAB4iJnEBIxkXvw2jndB7wwp8_dAiE_nzwqk,cto,15,software engineer,52,software engineer,11,software team lead,7,,0,,0,,0,,0,B.Sc.,computer science,college management,,,
ACwAAB5_L70B-UxWseHPXp2n0s-qXFs6lri_zAM,security,32,team lead,22,security researcher,15,software engineer,28,software team lead,9,,0,,0,,0,B.Sc.,computer science,open university,,,
ACwAAB5HnZQBObYOH80hXyxXcoKwS1RN4-GWKF8,software engineer,48,software engineer,67,software engineer,17,software engineer,16,software engineer,4,software development team lead,12,,0,,0,B.Sc.,electrical electronics engineering,Holon Institute of Technology,,,
ACwAAB5JK_QBGAKDBk_TtogNyr-1GlmfGxBcrhk,officer,54,software developer,63,team leader,26,data engineer,25,software team lead,15,,0,,0,,0,B.Sc.,computer science,Tel Aviv University,,,
ACwAAB5o0ZkB2NZ1CFrFx_93oDy5TKo2fs7k1HY,developer,63,developer,22,software team lead,15,,0,,0,,0,,0,,0,,,,,,
ACwAAB6MDwsB4A6EXe20W7a6uHOK7NSVvjdn5CA,project manager,16,manager,33,data analyst,8,developer,24,software developer,12,development team lead,7,software team lead,7,,0,,,,,,
ACwAAB6tJM0BZlfiKdfeJasoMC8FqUIOahj7ug8,manager,70,product manager,43,product manager,10,product manager,3,,0,,0,,0,,0,B.Sc.,economics,Tel Aviv University,M.B.A.,strategy entrepreneurship,Tel Aviv University
ACwAAB7vGcoBwp6-MReFjMv56RbW37qSvY6AtyM,specialist,25,programmer,9,software developer,42,software engineer,14,software engineer,11,software engineer,6,software team lead,1,,0,B.Sc.,computer software engineering,Ben-Gurion University of the Negev,,,
ACwAAB9088IBEViBL_6rjCWLRtmhXkLLVpyp74Q,developer,1,software developer,12,software engineer,20,software engineer,9,frontend developer,17,software engineer,25,software team lead,2,,0,,,,,,
ACwAAB9ilc4BMY_nk4nROmrsJEU3xcZhG0zovyA,project coordinator,6,lecturer,6,intern,36,project manager,36,co founder,24,product manager,12,product manager,24,product manager,14,B.Sc.,engineering,Technion - Israel Institute of Technology,,,
ACwAAB9n3mAByQ8RBs7UuCUxaVL4D580meR559g,web developer,3,developer,3,analyst,1,software developer,20,developer,27,software engineer,5,,0,,0,,,,,,
ACwAABa8sw8B6EMOxv-UcOrdRlu87JbwVlOiR5U,lecturer,36,software developer,68,project manager,124,director r,48,director r,31,software engineering manager,10,,0,,0,,,,M.Sc.,computer science,Tel Aviv University
ACwAABAcf2YBUaNOBWN2Qo5RbvSsdJFBsmgDRfg,software engineer,17,developer,15,software developer,26,team lead,5,software engineer,11,software engineer,16,software team lead,1,,0,,,,,,
ACwAABavgRUB7Jy5z0FFdqcrkoQoe9aVIsb_cQ4,software developer,50,software developer,10,software developer,36,software team lead,1,,0,,0,,0,,0,B.Sc.,Communication Systems Engineering,college,,,
ACwAABbU3qcBumlbozA-Z5SKV7vBQ23PeK2O9SQ,software engineer,23,software developer,55,software engineering manager,45,software engineering manager,5,,0,,0,,0,,0,B.Sc.,computer software engineering,college,,,
ACwAABc33E8Bb3QDbLXVfftrndMiM-6WJ8RMwFA,software developer,14,software engineer,26,software development team lead,29,manager,6,software development team lead,7,,0,,0,,0,B.Sc.,computer science,Reichman University (IDC Herzliya),,,
ACwAABCDsGMBJBAZkH1EzQkFHqzl7W0kIqFK_5s,software engineer,46,software engineer,14,software engineer,42,,0,,0,,0,,0,,0,B.Sc.,computer engineering,birzeit university,,,
ACwAABco2TQB2uhIMxRB76t-SYDLcLZA_wKKfnQ,developer,13,net developer,13,developer,20,developer,6,software developer,27,software team lead,1,,0,,0,B.Sc.,computer science,Holon Institute of Technology,M.Sc.,mathematics,Bar-Ilan University
ACwAABdBrGYB2LMXhUvyx1TuSIsECXXfBEmjWTs,software engineer,86,software engineer,55,software team lead,14,,0,,0,,0,,0,,0,B.Sc.,computer science,Tel Aviv University,M.B.A.,"Management Information Systems, General",Tel Aviv University
ACwAABED8DwB3Ux1K1mZc8UdsTunI323xXf9EwE,team lead,36,team lead,24,product manager,26,product manager,43,product manager,10,,0,,0,,0,B.Sc.,technology management,Ono Academic College,M.B.A.,entrepreneurship innovation,college management
ACwAABeLaUYBvGI7RilEB5kQfjQ1AtivheIy9VU,officer,61,data analyst,11,analyst,19,manager,54,manager,11,product manager,12,,0,,0,B.Sc.,computer science,Reichman University (IDC Herzliya),,,
ACwAABfjStQB7sfKS944Wbh3IoGTCKm4SXvI3HE,co founder,23,co founder,15,developer,15,developer,17,software development team lead,11,,0,,0,,0,,,,,,
ACwAABfnvosBUjFujEJzfWDM9uAMrGvEzXpqeSg,counselor,2,software engineer,47,software engineer,24,software engineer,29,software development team lead,26,,0,,0,,0,B.Sc.,computer science,open university,,,
ACwAABfq94IB_BFxLSq9_bi_W0K5mltl7_YcnZU,qa engineer,34,solution engineer,14,product manager,40,architect,48,product manager,48,product manager,14,,0,,0,B.Sc.,computer science,Tel Aviv University,,,
ACwAABFtV3sBm2f_eX9lLLrgWRK6ODWuUO1mx5E,software developer,35,software engineer,12,lecturer,12,researcher,36,team leader,17,product owner,28,product manager,35,head product,21,B.Sc.,Information System Engineering,Ben-Gurion University of the Negev,,,
ACwAABg6vyUBGOCVfv4XMj2HHdKIwrzdlYySW-s,product specialist,24,product manager,23,product manager,15,product manager,21,product team lead,10,,0,,0,,0,,,,,,
ACwAABGgwt4BMs1oYYxhFXJ3dT7flhwO8S05Ons,software engineer,34,software engineer,24,software engineer,40,software engineer,21,software engineer,15,,0,,0,,0,B.Sc.,computer engineering,birzeit university,,,
ACwAABgOAvEBz3OqX5Fc_-LxZb6q_bZDhyJdriI,manager,8,head content,21,head product,8,product manager,30,product manager,23,head product,2,,0,,0,,,,,,
ACwAABGy5y0BYq--K5Pbtp5UGpE7t3MfC23xmMc,researcher,3,manager,59,manager,22,head content,16,product manager,23,product manager,16,,0,,0,B.A.,media communication,"Goldsmiths, University of London",M.A.,Producing Film and TV,"Royal Holloway, University of London"
ACwAABHBwskBctG6uSjDwFk778k4ka-ViEZT2vs,project manager,22,product manager,25,product manager,24,vp products,13,product manager,23,,0,,0,,0,B.A.,geography geoinformatics,hebrew university,M.B.A.,Operations Research / Urban and Regional Planning,hebrew university
ACwAABHFAIABDtYFKWyRv57SivjDbINbkPGH0IM,developer,14,software developer,58,developer,34,software development team lead,14,,0,,0,,0,,0,,,,,,
ACwAABHKD1sBnWS-7PO-GLG1SaFopBh7US-waks,software developer,18,software developer,17,software development team lead,29,,0,,0,,0,,0,,0,B.Sc.,Biochemistry and Food Science,hebrew university,M.Sc.,microbiology,hebrew university
ACwAABHQa7UBA4jq-JKydgvgL0QlIl4pRK3AJSs,mentor,6,mentor,6,officer,80,software engineer,18,software engineer,9,software engineer,9,software engineer,22,software engineer,12,B.Sc.,economics,university haifa,,,
ACwAABHw-qYBYn_njDMLX4GRzqApF_V0UDSKwX0,developer,54,software engineer,21,software team lead,11,software team lead,17,,0,,0,,0,,0,B.Sc.,computer software engineering,Afeka Tel Aviv Academic College of Engineering,,,
ACwAABhYp2gBZiilimj7d7pVTYG-OjgfOioVc6w,project coordinator,24,product manager,29,marketing manager,27,product manager,11,product manager,7,,0,,0,,0,B.Sc.,Political Science and Government,Tel Aviv University,,,
ACwAABHzMgQBmYROWDqySTQtBHbKwCCE9Slkj0Q,founder,6,tutor,5,intern,4,project manager,6,analyst,21,manager,27,group leader,24,product manager,23,B.Sc.,Medical Clinical Sciences/Graduate Medical Studies,Ben-Gurion University of the Negev,,,
ACwAABID4yIBU1-phC6bUXCM9yZgjC8RgRYZFo4,officer,51,product manager,66,product manager,84,product manager,8,product manager,23,,0,,0,,0,B.A.,economics,Tel Aviv University,,,
ACwAABII7o0Bd0HyKjbvDnWYA6JJlal4txe74gg,manager,29,vp operations,7,head product,45,product manager,12,,0,,0,,0,,0,B.Sc.,Jewish/Judaic Studies,university maryland,,,
ACwAABjkrmgBkXUgITLNZ4qivD58rpaLDlPM7vA,officer,31,business analyst,27,research assistant,21,consultant,15,product team lead,17,product manager,29,product manager,12,,0,B.A.,"Psychology and Geography, specializing in Geographic Information Science",hebrew university,M.A.,"City/Urban, Community and Regional Planning",hebrew university
ACwAABJo9JoBdllWxnimMg_pwXeHPBT-NUmr-mg,testing engineer,11,software engineer,21,software engineer,11,software engineer,59,team leader,21,software engineer,37,software engineer,3,software engineer,15,B.Sc.,computer software engineering,college,,,
ACwAABJvUpUB3vdv7QEag5LbA3ibFJzAh1hodDw,software engineer,17,software engineer,79,software engineer,7,software engineering manager,5,,0,,0,,0,,0,B.Sc.,computer engineering,Ben-Gurion University of the Negev,,,
ACwAABKE5R0BG9dx7IUCA7RntxDq8_k_aru4w8M,quality assurance,24,quality assurance,28,software engineer,41,software engineer,23,software development team lead,7,,0,,0,,0,B.Sc.,computer science,Reichman University (IDC Herzliya),,,
ACwAABKfboABz1TQ5kX5B9UaIegNQVKDvChCCJQ,software developer,12,software engineer,32,software engineer,15,software engineer,17,software development team lead,14,,0,,0,,0,B.Sc.,computer science,hebrew university,,,
ACwAABkRhR8BYM0dhPWyVLODANmZyd-SYPbuLPE,software engineer,83,software developer,37,software engineer,13,software engineer,19,software team lead,6,,0,,0,,0,B.Sc.,physics,hebrew university,,,
ACwAABkVVrUBjrhdKBXdp_--Dn3uDpvO4T0ne1g,software developer,19,developer,35,software development team lead,16,,0,,0,,0,,0,,0,,,,,,
ACwAABL_N3YBz0nD7HxYlBXp58Hl3bHs_78fj2M,qa,8,web developer,11,developer,5,tech lead,22,frontend developer,11,team lead,10,software engineer,7,software engineer,12,B.Sc.,computer science,Tel Aviv University,,,
ACwAABLMdeYBBqhd2W1QdkPEmtNfqodf9ta4Sdo,manager,53,software,12,automation engineer,7,product manager,31,product manager,10,head product,8,product manager,13,,0,B.Sc.,"Computer and Information Sciences, General",MLA - The center of Academic Studies,M.Sc.,industrial engineering,Holon Institute of Technology
ACwAABLP02sBbj_KS2wKUd1d0VTM-aNoxMmueFE,software engineer,60,software engineer,34,solution architect,12,software development team lead,36,,0,,0,,0,,0,,,,,,
ACwAABLP9tYBe-Mt2dKdFsQhlcZiyCEtdwIP6Ok,head development,48,co founder,23,software developer,25,software developer,10,software engineer,13,software engineer,7,software team lead,6,,0,B.Sc.,computer science,Tel Aviv University,,,
ACwAABLQA-kBJOALeU9L-Qd9xfheBM2rSdYJ_Wg,student,12,software engineer,4,software engineer,37,software engineer,4,software team lead,2,,0,,0,,0,B.Sc.,computer science,ariel university,,,
ACwAABlX6VkBeb9M2aej4jh6TRIVx63mlnnFyo8,student,23,system engineer,12,software engineer,47,manager,3,,0,,0,,0,,0,B.Sc.,computer engineering,Technion - Israel Institute of Technology,,,
ACwAABLxc0MBRLd0Qrg9ELK5S2TH3y4B-NC7uqc,officer,81,student,11,software engineer,34,software engineer,29,software development team lead,14,,0,,0,,0,B.Sc.,Navel Academy Degree,university haifa,,,
ACwAABm1mYcB-1SdW_oBb-6cTsQL1Dc7pAlzGdo,software developer,33,team leader,24,team leader,18,software engineer,30,software development team lead,19,,0,,0,,0,B.Sc.,computer science,college management,,,
ACwAABm1uVABlCv8rKGsuZu_GShsmGTyPTfdLFA,software developer,66,software developer,12,software developer,35,software developer,11,software development team lead,4,,0,,0,,0,B.Sc.,computer science,Netanya Academic College,,,
ACwAABMejRkBFSORPGy-wBu_f5qRNn2Ybrats8I,team leader,26,project manager,33,officer,17,project manager,10,architect,13,co founder,28,product manager,6,,0,B.Sc.,industrial engineering,Ben-Gurion University of the Negev,,,
ACwAABMO9AoBmV3MTWtv0vw9L2rh_QPVp-LezyA,technical support,25,software developer,64,developer,21,software team lead,4,,0,,0,,0,,0,B.Sc.,computer science,university haifa,,,
ACwAABmq4KUBIQYrupCCCMLvzQcHOr4FfZObUfI,officer,26,software engineer,13,software engineer,6,software engineer,22,software team lead,16,,0,,0,,0,B.Sc.,computer software engineering,Ben-Gurion University of the Negev,,,
ACwAABn0zOABWuJD2pbqg9_baOeteq0pms-Cm_o,manager,51,manager,14,team lead,24,product manager,46,product manager,10,,0,,0,,0,B.Sc.,media communication,Tel Aviv University,,,
ACwAABn9kUgBMuSrcRKoRKIIv0mkIEpEHizc4n4,java developer,31,development team lead,27,software architect,11,software developer,32,team leader,18,software engineer,26,software team lead,9,,0,B.Sc.,computer science,Tel Aviv University,M.B.A.,Technology Management & Finance,Tel Aviv University
ACwAABNbS-EBTz-Ud_meVZQ2anTF6YNVaJGke_Q,teaching assistant,2,android developer,14,software engineer,17,software engineer,24,team leader,43,software developer,4,,0,,0,,,,,,
ACwAABNyFKQBfq41ByUQqP44goR2mLlhCRXsg44,developer,6,analyst,26,data analyst,16,analyst,18,product team lead,24,director product,6,,0,,0,,,,,,
ACwAABo7Z6ABur1O8B-9nPMg4m9_GNENMHKeqxM,web developer,39,software development team lead,21,software engineering manager,2,,0,,0,,0,,0,,0,B.Sc.,computer science,"The Academic College of Tel-Aviv, Yaffo",,,
ACwAABP0nu0B5huRrQbaibKTtg9s0v03c4jKg-E,android developer,3,software engineer,36,team leader,24,consultant,21,software engineer,13,team leader,11,software engineer,12,co founder,52,B.Sc.,computer science,"The Academic College of Tel-Aviv, Yaffo",,,
ACwAABPN64oBZN5xov-hPnTBhf2kKCuZC2H0yso,developer,12,developer,36,team leader,36,r manager,60,group leader,12,r manager,6,manager,16,software engineering manager,23,B.Sc.,computer science,Bar-Ilan University,,,
ACwAABQaz8MBt0ZfFzq6VY6p5zXXVj0l_8oTc7c,developer,24,developer,48,software developer,27,software team lead,2,,0,,0,,0,,0,B.Sc.,computer science,Technion - Israel Institute of Technology,,,
ACwAABqJ3P8B73rEqJfryUAaLSUGAzp1Xcw_GT8,software engineer,104,software engineer,36,software engineering manager,40,,0,,0,,0,,0,,0,B.Sc.,computer science,open university,,,
ACwAABQJRvgB89KBhZSYN9vdbcXK8i9kojB8Q3o,instructor,24,system administrator,13,developer,24,product manager,31,product manager,58,product manager,20,product manager,5,,0,B.Sc.,computer science,Tel Aviv University,,,
ACwAABqOqqcBZYeK8V7g8i53fRKvhe2Cfd6ok5w,product lead,6,software developer,24,software development team lead,24,software development team lead,12,product manager,27,product manager,9,,0,,0,B.Sc.,computer science,Tel Aviv University,,,
ACwAABQpsuYBEfrhDnjUP2JEr4zE_JR_in8-Cvw,project manager,24,analyst,23,co founder,12,solution engineer,12,product manager,24,product manager,10,,0,,0,,,,,,
ACwAABqQ5VsBogF1efDUoZl1DlbHp-UQ8nnaH5o,software engineering intern,1,software engineer,18,software engineer,18,software engineer,35,development team lead,15,,0,,0,,0,B.Sc.,computer engineering,birzeit university,,,
ACwAABQTpkcBMssqS5fMzF3-wRFZc71VrazseOc,network engineer,36,specialist,12,system administrator,12,software engineer,24,software engineer,48,software engineer,15,software engineer,7,,0,B.Sc.,computer science,open university,M.Sc.,computer science,open university
ACwAABRzEtUBMObq5d14-lEzWuOIBVnYLtxq7Wg,product manager,27,product manager,37,product manager,9,,0,,0,,0,,0,,0,,,,,,
ACwAABSanckBIx4MGc69T8CN23fvA1VxKWpHVyY,officer,54,developer,18,co founder,59,product manager,30,product manager,14,,0,,0,,0,B.Sc.,computer science,hebrew university,M.B.A.,finance general,hebrew university
ACwAABSoTJ0BSfIQmb00paLRUp_3_d-EJy9g3pA,software development team lead,64,,0,,0,,0,,0,,0,,0,,0,B.Sc.,computer science,college management,M.Sc.,computer science,open university
ACwAABss5jEBE4tFNZKFjMXBBxaX6sfh4Haf8Uc,manager,13,manager,22,specialist,23,marketing manager,11,manager,26,product manager,24,,0,,0,B.A.,business administration,college management,,,
ACwAABSwPXgBVDGFjQCsGv5LIEGn56YDVk044fc,officer,56,developer,13,developer,37,software development team lead,29,,0,,0,,0,,0,B.Sc.,computer science,Holon Institute of Technology,,,
ACwAABSzylsBNiXZyryvr6nCOrLJnCwMwuQzGFM,project manager,17,manager,23,team leader,12,product manager,20,product manager,26,product manager,4,,0,,0,B.Sc.,economics,Tel Aviv University,,,
ACwAABT1bzUBVTIRrNTuZBJ84K-JbuyJfPuGxMA,testing engineer,24,business analyst,24,product team lead,36,manager,36,solution architect,12,software engineering manager,14,,0,,0,B.Sc.,industrial engineering,Ben-Gurion University of the Negev,,,
ACwAABT2ZdsBPV-ppXIXKvqo1U7puGiVSTcWN30,instructor,48,programmer,60,developer,12,software developer,24,software developer,57,software team lead,4,,0,,0,B.Sc.,computer science,Hadassah Academic College,,,
ACwAABteNSIBU9nH5C5Yccg4iPQe1fNM6Zh1aBI,data analyst,4,noc engineer,11,web developer,14,web developer,11,software development team lead,39,,0,,0,,0,B.A.,"Management Information Systems, General",Ben-Gurion University of the Negev,,,
ACwAABTgfb8BRuEPIMD1GDjc66oe_H2v-iTi1to,software engineer,24,team leader,35,researcher,9,software engineer,37,software engineering manager,14,,0,,0,,0,B.Sc.,computer software engineering,Technion - Israel Institute of Technology,M.Sc.,computer science,Reichman University (IDC Herzliya)
ACwAABTKus8BL-UjwRMMAMG0Fd2om_UCyJYkDoI,founder,10,founder,14,founder,12,founder,45,product manager,16,product manager,45,,0,,0,,,,,,
ACwAABtlXmcBgMFBr2MfthZCQjOAqQIPltputBE,mentor,1,mentor,15,mentor,6,software developer,29,software developer,31,team leader,30,software engineer,12,software engineer,36,B.Sc.,computer engineering,Technion - Israel Institute of Technology,,,
ACwAABuAOYMBTmePHtu0rs3ycgj2DKAMayJqURw,software engineer,33,software engineer,22,team lead,36,software engineer,15,,0,,0,,0,,0,B.Sc.,computer science,university haifa,,,
ACwAABUF60YBsyUFXNv468agWfdEqOUJPH0MhSI,integration engineer,17,software,24,developer,24,developer,72,software team lead,24,software team lead,20,software team lead,6,,0,B.Sc.,electrical electronics engineering,Holon Institute of Technology,,,
ACwAABUjctQBfgeNcaA9IFV_K6S-T1bg77Qg4s8,qa engineer,14,qa engineer,25,qa engineer,39,automation engineer,11,automation engineer,36,team lead,17,team lead,5,software team lead,13,,,,,,
ACwAABuM_gwBc-A8dZi1vKwaPW0W-gAI-kZVptk,teaching assistant,31,business analyst,9,project manager,14,product manager,15,product manager,33,head product,2,,0,,0,B.Sc.,industrial engineering,Afeka Tel Aviv Academic College of Engineering,,,
ACwAABUOopwBGBavQu3aSxZ4akKhAagVyksNKQU,qa,8,product manager,5,product manager,17,product manager,19,product manager,13,,0,,0,,0,,,,,,
ACwAABuX4-8BRKp0Gyg5C08LS_OP-_kGw-Mf5Zc,web developer,17,developer,15,developer,34,software engineer,17,,0,,0,,0,,0,B.Sc.,computer software engineering,Shenkar - Engineering. Design. Art.,,,
ACwAABV6gTUBKXhavUiTmxjEIL5Gc9dcHqk3p_A,intern,3,analyst,19,team lead,12,product manager,38,product manager,5,,0,,0,,0,B.Sc.,business administration,California Polytechnic State University-San Luis Obispo,,,
ACwAABVBXLMBD-rbNRVAnSXCGM6Ppd4dGaB32aM,instructor,4,tutor,3,net developer,22,software developer,6,software engineer,21,software engineer,19,software team lead,28,,0,,,,,,
ACwAABVhQcUBTEYpMiWsvHVYTh2M0L1GJZDJcuE,software developer,30,software engineer,9,software engineer,43,software development team lead,1,,0,,0,,0,,0,,,,,,
ACwAABvJ50wBNZiWg0KwBLtLC7L0kjzeOj1cAkM,developer,6,product manager,30,product manager,49,product manager,49,,0,,0,,0,,0,B.Sc.,industrial engineering,open university,M.B.A.,business managment,Ono Academic College
ACwAABWbeOEBD0NWySoIEzsjoDihoscRGwdBdhc,student,8,developer,17,developer,8,team lead,51,software engineer,9,,0,,0,,0,B.Sc.,computer software engineering,Shenkar - Engineering. Design. Art.,,,
ACwAABwCR30BXp_UwP8fM-ZNXy2MSoVXEfvsVHo,analyst,26,analyst,12,analyst,43,product manager,39,product manager,37,product manager,11,product manager,1,,0,B.A.,Political Science and Government,Tel Aviv University,M.A.,Political Science and Government,Tel Aviv University
ACwAABWNunIBFDgzcBpg7k6WVTYLtAIgcPdy7QU,qa engineer,14,product owner,24,product manager,24,product manager,36,product manager,1,,0,,0,,0,B.Sc.,philosophy,Tel Aviv University,,,
ACwAABwQ-2kBx2ukyRw-B0Uea1HbdJQJSpC-quc,software,36,software developer,15,software developer,42,software team lead,15,software team lead,8,,0,,0,,0,,,,,,
ACwAABWx6tUBD4x3IvtEJ4nd_Cv917PHS8DKZr4,software,48,software engineer,53,technical lead,21,software engineering manager,4,,0,,0,,0,,0,B.Sc.,computer software engineering,Ben-Gurion University of the Negev,,,
ACwAABwxRswB6wa4C96Cdt0udDKR_dw3khN9qng,volunteer,7,designer,12,software developer,5,web developer,11,software development team lead,37,software engineer,37,,0,,0,,,,,,
ACwAABwz_PABOKsSd9Y927xwcqvg9bCdFXbBGk8,software engineer,39,software engineer,7,software team lead,2,,0,,0,,0,,0,,0,B.Sc.,computer science,Ben-Gurion University of the Negev,,,
ACwAABxmRrcBJ1JFbY166-N6CWlJXzljlphJJuY,project manager,31,analyst,19,lecturer,22,software engineer,12,product manager,16,product manager,27,mentor,3,product manager,47,B.Sc.,computer science,"The Academic College of Tel-Aviv, Yaffo",M.B.A.,Executive Masters Program,Ben-Gurion University of the Negev
ACwAABXUO78BlinQ6aUT2YMGKJwrGm9e9CrPUz4,instructor,24,designer,12,instructor,12,qa engineer,24,qa engineer,12,team leader,24,product manager,12,product manager,14,,,,,,
ACwAABXuZnkBnuXvs5AzoGuiiLuvVb3mQD0uMgs,intern,4,analyst,35,manager,16,research assistant,12,consultant,28,data analyst,11,group leader,18,product manager,18,B.Sc.,economics,hebrew university,,,
ACwAABYlDfoBxCQi30i6ixo1Ij7LVFg79O9nrFg,manager,22,head development,12,product manager,31,product manager,14,,0,,0,,0,,0,B.Sc.,neuroscience,Bar-Ilan University,,,
ACwAAByxRH0Bg5LK7XwTkVXSnsFJxiVFmTuhp-M,software engineer,35,software team lead,12,frontend developer,16,developer,17,software team lead,15,,0,,0,,0,,,,,,
ACwAABZDH98BMe8vpv6uvoMGOEkC8_G5yrkZq1Y,developer,20,teaching assistant,12,software engineer,38,software engineer,13,,0,,0,,0,,0,B.Sc.,computer science,Tel Aviv University,,,
ACwAABZGvDkBAEVvr7eGml_8hXJRSIWOMfRSaPQ,industrial designer,12,industrial designer,12,industrial designer,13,industrial designer,14,product manager,25,product manager,20,product manager,4,,0,B.Sc.,Industrial and Product Design,Holon Institute of Technology,,,
ACwAABZhBrsBPdABc1frozkGQKF0sO4XqBiqu_o,team leader,29,software engineer,20,software engineer,35,software engineer,27,software development team lead,28,,0,,0,,0,B.Sc.,computer science,Technion - Israel Institute of Technology,,,
ACwAABZUTrkBZbTXNJ91_9-WtnEumLpCobgyfAg,student,14,student,13,sw engineer,43,software team lead,21,,0,,0,,0,,0,B.Sc.,electrical electronics engineering,technion,,,
ACwAABzYMsoBM_BGyTOmoljom1BUNeauNS1fSKg,mentor,6,student,49,developer,13,developer,19,software engineer,27,,0,,0,,0,,,,,,
ACwAAC_fEooBNI6Ky_BSFiM0oQ0U8TdgaSCWocM,software engineer,50,development team lead,119,consulting,102,software engineering manager,26,,0,,0,,0,,0,,,,,,
ACwAAC-vTQUBn0Sno8HVdKBhi6oBRAdHBM55ADQ,officer,105,product owner,41,product manager,12,product team lead,3,,0,,0,,0,,0,B.Sc.,computer science,Bar-Ilan University,,,
ACwAAC2fZ54Beq6sht2Wga4l04JS6vfTSrWsfJk,analyst,16,developer,18,developer,12,software team lead,14,,0,,0,,0,,0,,,,,,
ACwAAC4joukBScfT24oQN0tZcxVi2Rqcs5ESnbs,volunteer,20,product manager,8,product manager,19,product team lead,11,,0,,0,,0,,0,,,,,,
ACwAACA5QAkBh0tE1aNLOX6Ks06Bdjn0nDokVpE,officer,36,intern,11,lecturer,24,software engineer,47,software engineer,3,software engineer,4,,0,,0,B.Sc.,computer science,Tel-Hai College,,,
ACwAACaD-qwBS_vC4RMurBqM49X-lwi4i5nB8Dc,developer,44,system engineer,47,product manager,47,product manager,34,product manager,1,,0,,0,,0,B.Sc.,computer engineering,Technion - Israel Institute of Technology,,,
ACwAACaICK4Bpq4mOAXP7bcjxkFRJShF9M0KG2g,project manager,10,project manager,3,founder,28,product manager,39,product manager,1,,0,,0,,0,,,,,,
ACwAACb2Ng4BaDFFbX9UxQesDc0mV8yBXiZrQaY,software developer,36,software developer,13,software development team lead,24,,0,,0,,0,,0,,0,B.Sc.,computer science,Technion - Israel Institute of Technology,,,
ACwAACb4UqYBg-oy-VCD_dKPgkhGJG6fy9_igh4,software engineer,49,software development team lead,5,,0,,0,,0,,0,,0,,0,B.Sc.,computer science,Ben-Gurion University of the Negev,,,
ACwAACBj-OEBUOATde9kGZ_fZEvfsAGCHhorWCA,researcher,6,product specialist,49,product manager,53,product manager,17,,0,,0,,0,,0,B.A.,behavioral sciences,Ben-Gurion University of the Negev,M.A.,"Cognitive Psychology, Brain and Cognition program",Ben-Gurion University of the Negev
ACwAACbJdgYBtv0CxshelojU2qpo0IOWx80QDQ0,cyber,13,graphic designer,59,product manager,30,product manager,41,product manager,3,,0,,0,,0,,,,,,
ACwAACBREokBn7HrYvbEgEN_4tM_o_2TmXdgI_I,project manager,24,data analyst,12,team lead,11,data analyst,23,product team lead,14,,0,,0,,0,,,,,,
ACwAACc-1eoBBngUW0DWE0AVQEndNG0U6m-dfJk,project manager,114,product manager,22,director product management,11,product manager,5,,0,,0,,0,,0,B.Sc.,computer science,open university,M.B.A.,business administration,Ben-Gurion University of the Negev
ACwAACCbtIgBIgWZvxj4cNrXQqNt8OFYtdV2OvA,software engineer,36,software team lead,46,software,27,software team lead,14,manager,18,software engineer,4,software development team lead,28,,0,B.Sc.,computer software engineering,university haifa,,,
ACwAACCcPykBBICUXStgiRl8FWRx8EK-JO5e0fY,support engineer,13,software developer,32,architect,5,software team lead,23,,0,,0,,0,,0,B.Sc.,industrial engineering,Tel Aviv University,,,
ACwAACD8wwQBWzGx1N6Qc21TNXah54JZzKc7eUs,software developer,39,team leader,20,product manager,13,software engineer,8,software engineer,6,software engineer,16,,0,,0,B.Sc.,computer science,university haifa,,,
ACwAACd9OY4Bb3sjJbzwJrQ7XcI-p3FXE-tEeMI,product manager,31,software engineer,21,software development team lead,21,,0,,0,,0,,0,,0,B.Sc.,electrical electronics engineering,Tel Aviv University,,,
ACwAACDvxAgBBhzi9OuXtSXzBtD4Z4ObRiWJwh4,mentor,6,software engineering intern,36,software engineer,20,software engineer,24,software team lead,24,cto,24,software engineer,8,,0,B.Sc.,computer science,Technion - Israel Institute of Technology,M.Sc.,computer science,Reichman University (IDC Herzliya)
ACwAACeBpioBGtqEk90IggXfFOPHxrSpuqdywog,network administrator,27,technical support,12,qa engineer,13,qa engineer,36,team lead,48,product manager,49,product manager,41,,0,B.Sc.,computer science,Holon Institute of Technology,,,
ACwAACEVefYBXjEpmHlfKcCQdJIW1ypEBY-rwUE,security researcher,25,team leader,26,sales engineer,12,solution engineer,14,product manager,29,product manager,8,,0,,0,B.Sc.,computer science,college management,M.B.A.,Computer/Information Technology Administration and Management,college management
ACwAACft4JMBz8ZxMByyDq7SJ0tzPg5y_8nZTEY,teacher,1,teacher,12,system engineer,29,team leader,25,manager,45,product owner,85,consultant,136,architect,80,B.Sc.,computer science,open university,,,
ACwAACG806oBJMoxp1_Qbb6EVmD_ldohq3s0cqc,analyst,23,qa,6,software developer,4,technical support,15,software engineer,24,developer,15,software engineer,8,software team lead,14,,,,,,
ACwAACH6q2MBD6XiiiQyRqWf9o5K7x_0SjTO7_E,teacher,32,founder,42,software engineer,43,project manager,18,team leader,16,head development,26,software architect,6,manager,6,B.Sc.,computer software engineering,Kinneret Academic College,,,
ACwAACh9bdkBB23gGp32ZBdEfGtEOQVLMr9amz0,security researcher,24,product manager,12,team leader,24,software engineer,24,product manager,12,product manager,14,,0,,0,B.Sc.,computer science,open university,,,
ACwAACjLWwoB2CZkjC_Kcg6hNANlVK7kiQs1pjw,project manager,36,head section,38,head section,39,product manager,22,product manager,10,product manager,1,,0,,0,B.Sc.,electrical electronics engineering,Tel Aviv University,,,
ACwAACkIfGABGiBQJm5Kj8TtvO66p46QGFsAJxA,software engineer,141,,0,,0,,0,,0,,0,,0,,0,B.Sc.,computer science,"The Academic College of Tel-Aviv, Yaffo",,,
ACwAACKQ7toBbpj1ymjRcv_K1Cut38l7OHVVy9I,software engineer,21,tech lead,8,software development team lead,12,,0,,0,,0,,0,,0,B.Sc.,computer science,"The Academic College of Tel-Aviv, Yaffo",,,
ACwAACLcwmoBLfOF5ePWzQcJtTTebEl1heL77lI,software developer,24,developer,51,software development team lead,2,,0,,0,,0,,0,,0,,,,,,
ACwAACliQJwBQRq5v2EYTt4HVBjjwgZCIgsURMg,software engineer,36,software engineer,34,developer,21,developer,31,software team lead,11,,0,,0,,0,B.Sc.,accounting finance,open university,,,
ACwAACLrjkoBX7KKFyYI0CguWWrvkHFUr8-Je9A,volunteer,27,software engineer,16,software engineer,23,software team lead,15,,0,,0,,0,,0,B.Sc.,economics,Tel Aviv University,,,
ACwAACmiVOwBXgnzZPgkDUQvbMo6oZ8ZUa8WF4w,software engineer,53,software engineer,27,software engineer,5,,0,,0,,0,,0,,0,B.Sc.,computer science,open university,,,
ACwAACmPpD8BflbJIE9vdi-zMPdeJmrYaPtYE_o,developer,26,software engineer,26,developer,28,software engineer,5,software team lead,2,,0,,0,,0,B.Sc.,computer science,Technion - Israel Institute of Technology,,,
ACwAACNcLYABHfuk1AlK-Kgeh__YHTBQNYbS4eE,software developer,24,software engineer,40,software development team lead,27,,0,,0,,0,,0,,0,B.Sc.,computer science,Ben-Gurion University of the Negev,,,
ACwAACO0_QQBIob2kDUycEKugFhRvXrq2rY3ruc,mentor,10,mentor,11,mathematics teacher,22,officer,84,software engineer,13,software team lead,5,software engineering manager,31,software engineering manager,4,B.Sc.,"Business/Commerce, General",university haifa,,,
ACwAACOfaA4BGNlx_opXQW2Kt95yoxxoeRPXukU,software developer,41,software development team lead,25,,0,,0,,0,,0,,0,,0,,,,,,
ACwAACOK6jcB_coyirFnAdTQ0Au-K6SqfaDxM98,officer,25,team lead,23,product manager,8,team lead,23,software engineer,15,software engineer,7,software engineer,12,,0,B.Sc.,computer science,Tel Aviv University,,,
ACwAACpFV5EBu57oi-3hd70MUCMFNrlWTRBjQwg,software developer,21,software engineer,29,software engineer,11,software team lead,7,,0,,0,,0,,0,B.Sc.,computer science,Reichman University (IDC Herzliya),,,
ACwAACPnMZoB-QQQHAIeC6UfqjUIrpHJOFJbSqY,software engineer,31,software developer,57,group leader,12,team leader,28,software engineering manager,6,,0,,0,,0,B.Sc.,computer software engineering,ORT Braude College,,,
ACwAACPO-8cB-8X34W5g8aTHggjHU5BGDMFCliw,project manager,15,project manager,23,product manager,31,product manager,17,product manager,2,,0,,0,,0,B.Sc.,economics,college management,,,
ACwAACPobtYB-qePjNQHRRhS6EH3A6WM3JWiTEM,teaching assistant,4,software,27,software team lead,12,,0,,0,,0,,0,,0,B.Sc.,computer science,ariel university,,,
ACwAACqnwjkBopD1xcgeV7fvrpFhnEDSHe7NPbI,student,36,software developer,48,software developer,36,java developer,12,software engineer,24,software team lead,14,,0,,0,B.Sc.,information system,university haifa,M.Sc.,information system,university haifa
ACwAACRS-wwBAd3KORDR__coGSMugzUQZ_lM33Q,designer,23,product designer,30,product manager,11,product manager,31,product manager,3,,0,,0,,0,,,,,,
ACwAACSIbwQBj7FTnQZ8j6IqC5Xj6YLR24YrxPg,software engineer,41,director,13,co founder,33,software engineering manager,29,,0,,0,,0,,0,,,,,,
ACwAACt-lPwBAXTz98hhCyMNYR7fvx8Xq9d7X5I,software development team lead,109,,0,,0,,0,,0,,0,,0,,0,,,,,,
ACwAACt2MmABnjR20fBQIlbz9lGH1vdoJgjHT_o,software engineer,35,software development team lead,42,,0,,0,,0,,0,,0,,0,B.Sc.,computer engineering,Ben-Gurion University of the Negev,M.Sc.,computer science,Ben-Gurion University of the Negev
ACwAACTlY0UBRseh9cRfSLfy_jmasyuZlIR6x58,mathematics teacher,36,officer,67,software developer,39,software development team lead,4,,0,,0,,0,,0,B.Sc.,computer science,Reichman University (IDC Herzliya),,,
ACwAACTY3GUBnYMMRRKD8myqtclSrWs_OKPS1ZM,mentor,6,volunteer,12,officer,48,software developer,48,software,48,software development team lead,60,software engineering manager,60,solution architect,24,B.Sc.,economics,university haifa,M.B.A.,business administration,open university
ACwAACv8PoABEGJzrUqgC2oBgpd7wuovbQzekuw,technical support,35,product manager,95,product manager,107,cto,6,consultant,2,product manager,15,,0,,0,,,,,,
ACwAACv9EgkBMYTPXUXmEHV79X3rvwOyEYLZ5uU,manager,13,manager,23,manager,16,manager,14,product manager,50,,0,,0,,0,B.Sc.,industrial engineering,ariel university,,,
ACwAACVf4aIBcUkSvVfFqgd4xMxmpJpIj0T0jPM,software engineer,32,co founder,10,software engineer,26,software team lead,5,,0,,0,,0,,0,B.Sc.,computer software engineering,Technion - Israel Institute of Technology,,,
ACwAACyapRUBpOPeGvq2jwZPXtmMH6GGIS_2ziU,,0,,0,,0,,0,,0,,0,,0,,0,B.Sc.,software engineering,SCE - Shamoon College of Engineering,,,
ACwAACYNt3ABKUyp_t9RSdTMokQa8wwR9mu22Lg,mentor,6,project manager,35,product manager,36,business analyst,9,product manager,20,product manager,8,,0,,0,B.Sc.,industrial engineering,Ben-Gurion University of the Negev,M.B.A.,business management,Tel Aviv University - Coller School of Management
ACwAACYX9EsB1bScK0E6GuovYJsYknBs4W_pTt0,designer,2,product designer,2,graphic designer,48,ui designer,11,team lead,15,product designer,22,product designer,5,product team lead,2,B.Sc.,"Design and Visual Communications, General",Holon Institute of Technology,,,
ACwAACZ74aoBInkzZR02JmsKTf94PCnHJp8W0LU,project manager,20,technical support,27,software engineer,11,,0,,0,,0,,0,,0,B.Sc.,computer science,college management,,,
ACwAADB5CJMB19K90KFXf7SuGgfNGt8gnR6m5LU,software engineer,48,software engineer,30,software engineer,14,software engineer,32,tech lead,22,software architect,4,tech lead,11,software engineer,17,B.A.,mathematics,open university,M.Sc.,computer science,Weizmann Institute of Science
ACwAADDIjvUBb_oRrKEOyNSKtIxCSW8wWp5w3U4,product manager,74,product manager,66,product manager,51,,0,,0,,0,,0,,0,,,,,,
ACwAADen2gYB4HXWpKT6d7UHs7kYYjX13LDfr4M,software engineer,60,software team lead,7,,0,,0,,0,,0,,0,,0,B.Sc.,electrical electronics engineering,Technion - Israel Institute of Technology,,,
ACwAADHsjl4B4j7_qApakNwOLay2JlYF3rH1S74,qa,19,software engineer,35,software team lead,53,manager,52,software development team lead,141,,0,,0,,0,B.A.,computer science,university haifa,,,
ACwAADl_zpMBovI5iNTjKBgwlzsS7Epss-Im3uQ,software developer,16,software development team lead,32,developer,16,,0,,0,,0,,0,,0,B.Sc.,electrical electronics engineering,Holon Institute of Technology,M.Sc.,artificial intelligence,Afeka Tel Aviv Academic College of Engineering
ACwAADl7YAcB5_t-oT5JG2GZrDC9kdECq6q_NMk,software development team lead,134,,0,,0,,0,,0,,0,,0,,0,,,,,,
ACwAADNID_YBY8G6iVBV5FYyuuekF-QVYIDgDxY,developer,22,software development team lead,26,,0,,0,,0,,0,,0,,0,B.Sc.,computer science,Bar-Ilan University,,,
ACwAADO-GW0BLXY9VUlnf9k_zWWspviq2B_7PHw,developer,54,software development team lead,20,,0,,0,,0,,0,,0,,0,B.Sc.,computer science,college management,,,
ACwAADOTeEABrRv6hDwG6JykEA9SDh4NHu5rnTM,instructor,24,system engineer,96,system engineer,36,product manager,54,product manager,7,,0,,0,,0,B.Sc.,computer science,Bar-Ilan University,,,
ACwAADYOrf0BRCRxkbmF1RF5SygW9RE1U1Vx2u8,software team lead,33,,0,,0,,0,,0,,0,,0,,0,,,,,,
